{"type":"FeatureCollection","features":[{"type":"Feature","geometry":{"type":"Point","coordinates":[-77.048212,38.904549]},"properties":{"assigned":false,"riderId":31085537,"type":"+"}},{"type":"Feature","geometry":{"type":"Point","coordinates":[-77.049476,38.900699]},"properties":{"assigned":false,"tripId":31085537,"type":"-"}},{"type":"Feature","geometry":{"type":"LineString","coordinates":[[-77.048212,38.904549],[-77.049476,38.900699]]},"properties":{"assigned":false,"tripId":31085537}},{"type":"Feature","geometry":{"type":"Point","coordinates":[-77.019205,38.887119]},"properties":{"assigned":false,"riderId":29888934,"type":"+"}},{"type":"Feature","geometry":{"type":"Point","coordinates":[-77.010123,38.897899]},"properties":{"assigned":false,"tripId":29888934,"type":"-"}},{"type":"Feature","geometry":{"type":"LineString","coordinates":[[-77.019205,38.887119],[-77.010123,38.897899]]},"properties":{"assigned":false,"tripId":29888934}},{"type":"Feature","geometry":{"type":"Point","coordinates":[-77.037534,38.901336]},"properties":{"assigned":false,"riderId":29745545,"type":"+"}},{"type":"Feature","geometry":{"type":"Point","coordinates":[-77.061961,38.903422]},"properties":{"assigned":false,"tripId":29745545,"type":"-"}},{"type":"Feature","geometry":{"type":"LineString","coordinates":[[-77.037534,38.901336],[-77.061961,38.903422]]},"properties":{"assigned":false,"tripId":29745545}},{"type":"Feature","geometry":{"type":"Point","coordinates":[-77.023986,38.901478]},"properties":{"assigned":false,"riderId":31027209,"type":"+"}},{"type":"Feature","geometry":{"type":"Point","coordinates":[-77.025018,38.90324]},"properties":{"assigned":false,"tripId":31027209,"type":"-"}},{"type":"Feature","geometry":{"type":"LineString","coordinates":[[-77.023986,38.901478],[-77.025018,38.90324]]},"properties":{"assigned":false,"tripId":31027209}},{"type":"Feature","geometry":{"type":"Point","coordinates":[-77.040299,38.904238]},"properties":{"assigned":false,"riderId":29487515,"type":"+"}},{"type":"Feature","geometry":{"type":"Point","coordinates":[-77.045589,38.913345]},"properties":{"assigned":false,"tripId":29487515,"type":"-"}},{"type":"Feature","geometry":{"type":"LineString","coordinates":[[-77.040299,38.904238],[-77.045589,38.913345]]},"properties":{"assigned":false,"tripId":29487515}},{"type":"Feature","geometry":{"type":"Point","coordinates":[-77.042388,38.922857]},"properties":{"assigned":false,"riderId":30682069,"type":"+"}},{"type":"Feature","geometry":{"type":"Point","coordinates":[-77.056361,38.916965]},"properties":{"assigned":false,"tripId":30682069,"type":"-"}},{"type":"Feature","geometry":{"type":"LineString","coordinates":[[-77.042388,38.922857],[-77.056361,38.916965]]},"properties":{"assigned":false,"tripId":30682069}},{"type":"Feature","geometry":{"type":"Point","coordinates":[-77.027034,38.917555]},"properties":{"assigned":false,"riderId":30022737,"type":"+"}},{"type":"Feature","geometry":{"type":"Point","coordinates":[-77.040064,38.916287]},"properties":{"assigned":false,"tripId":30022737,"type":"-"}},{"type":"Feature","geometry":{"type":"LineString","coordinates":[[-77.027034,38.917555],[-77.040064,38.916287]]},"properties":{"assigned":false,"tripId":30022737}},{"type":"Feature","geometry":{"type":"Point","coordinates":[-77.014439,38.883241]},"properties":{"assigned":false,"riderId":28397883,"type":"+"}},{"type":"Feature","geometry":{"type":"Point","coordinates":[-76.99558,38.879283]},"properties":{"assigned":false,"tripId":28397883,"type":"-"}},{"type":"Feature","geometry":{"type":"LineString","coordinates":[[-77.014439,38.883241],[-76.99558,38.879283]]},"properties":{"assigned":false,"tripId":28397883}},{"type":"Feature","geometry":{"type":"Point","coordinates":[-77.008388,38.897204]},"properties":{"assigned":false,"riderId":30836299,"type":"+"}},{"type":"Feature","geometry":{"type":"Point","coordinates":[-76.984895,38.907739]},"properties":{"assigned":false,"tripId":30836299,"type":"-"}},{"type":"Feature","geometry":{"type":"LineString","coordinates":[[-77.008388,38.897204],[-76.984895,38.907739]]},"properties":{"assigned":false,"tripId":30836299}},{"type":"Feature","geometry":{"type":"Point","coordinates":[-77.041686,38.904699]},"properties":{"assigned":false,"riderId":30001223,"type":"+"}},{"type":"Feature","geometry":{"type":"Point","coordinates":[-77.04165,38.917403]},"properties":{"assigned":false,"tripId":30001223,"type":"-"}},{"type":"Feature","geometry":{"type":"LineString","coordinates":[[-77.041686,38.904699],[-77.04165,38.917403]]},"properties":{"assigned":false,"tripId":30001223}},{"type":"Feature","geometry":{"type":"Point","coordinates":[-77.030074,38.890445]},"properties":{"assigned":false,"riderId":29327121,"type":"+"}},{"type":"Feature","geometry":{"type":"Point","coordinates":[-77.010619,38.900207]},"properties":{"assigned":false,"tripId":29327121,"type":"-"}},{"type":"Feature","geometry":{"type":"LineString","coordinates":[[-77.030074,38.890445],[-77.010619,38.900207]]},"properties":{"assigned":false,"tripId":29327121}},{"type":"Feature","geometry":{"type":"Point","coordinates":[-77.029619,38.897826]},"properties":{"assigned":false,"riderId":28561728,"type":"+"}},{"type":"Feature","geometry":{"type":"Point","coordinates":[-77.033491,38.905646]},"properties":{"assigned":false,"tripId":28561728,"type":"-"}},{"type":"Feature","geometry":{"type":"LineString","coordinates":[[-77.029619,38.897826],[-77.033491,38.905646]]},"properties":{"assigned":false,"tripId":28561728}},{"type":"Feature","geometry":{"type":"Point","coordinates":[-77.03655,38.900773]},"properties":{"assigned":false,"riderId":28205147,"type":"+"}},{"type":"Feature","geometry":{"type":"Point","coordinates":[-77.061945,38.902592]},"properties":{"assigned":false,"tripId":28205147,"type":"-"}},{"type":"Feature","geometry":{"type":"LineString","coordinates":[[-77.03655,38.900773],[-77.061945,38.902592]]},"properties":{"assigned":false,"tripId":28205147}},{"type":"Feature","geometry":{"type":"Point","coordinates":[-77.021917,38.895463]},"properties":{"assigned":false,"riderId":28153380,"type":"+"}},{"type":"Feature","geometry":{"type":"Point","coordinates":[-76.9932,38.889804]},"properties":{"assigned":false,"tripId":28153380,"type":"-"}},{"type":"Feature","geometry":{"type":"LineString","coordinates":[[-77.021917,38.895463],[-76.9932,38.889804]]},"properties":{"assigned":false,"tripId":28153380}},{"type":"Feature","geometry":{"type":"Point","coordinates":[-77.028082,38.899063]},"properties":{"assigned":false,"riderId":29130860,"type":"+"}},{"type":"Feature","geometry":{"type":"Point","coordinates":[-77.0328,38.898318]},"properties":{"assigned":false,"tripId":29130860,"type":"-"}},{"type":"Feature","geometry":{"type":"LineString","coordinates":[[-77.028082,38.899063],[-77.0328,38.898318]]},"properties":{"assigned":false,"tripId":29130860}},{"type":"Feature","geometry":{"type":"Point","coordinates":[-77.007142,38.896039]},"properties":{"assigned":false,"riderId":30721179,"type":"+"}},{"type":"Feature","geometry":{"type":"Point","coordinates":[-77.034569,38.906102]},"properties":{"assigned":false,"tripId":30721179,"type":"-"}},{"type":"Feature","geometry":{"type":"LineString","coordinates":[[-77.007142,38.896039],[-77.034569,38.906102]]},"properties":{"assigned":false,"tripId":30721179}},{"type":"Feature","geometry":{"type":"Point","coordinates":[-77.046385,38.916875]},"properties":{"assigned":false,"riderId":30418609,"type":"+"}},{"type":"Feature","geometry":{"type":"Point","coordinates":[-77.031951,38.911498]},"properties":{"assigned":false,"tripId":30418609,"type":"-"}},{"type":"Feature","geometry":{"type":"LineString","coordinates":[[-77.046385,38.916875],[-77.031951,38.911498]]},"properties":{"assigned":false,"tripId":30418609}},{"type":"Feature","geometry":{"type":"Point","coordinates":[-77.051405,38.906252]},"properties":{"assigned":false,"riderId":28942806,"type":"+"}},{"type":"Feature","geometry":{"type":"Point","coordinates":[-77.045787,38.897353]},"properties":{"assigned":false,"tripId":28942806,"type":"-"}},{"type":"Feature","geometry":{"type":"LineString","coordinates":[[-77.051405,38.906252],[-77.045787,38.897353]]},"properties":{"assigned":false,"tripId":28942806}},{"type":"Feature","geometry":{"type":"Point","coordinates":[-77.040581,38.899206]},"properties":{"assigned":false,"riderId":29159166,"type":"+"}},{"type":"Feature","geometry":{"type":"Point","coordinates":[-77.002986,38.894789]},"properties":{"assigned":false,"tripId":29159166,"type":"-"}},{"type":"Feature","geometry":{"type":"LineString","coordinates":[[-77.040581,38.899206],[-77.002986,38.894789]]},"properties":{"assigned":false,"tripId":29159166}},{"type":"Feature","geometry":{"type":"Point","coordinates":[-77.002802,38.901324]},"properties":{"assigned":false,"riderId":28244716,"type":"+"}},{"type":"Feature","geometry":{"type":"Point","coordinates":[-77.002802,38.901324]},"properties":{"assigned":false,"tripId":28244716,"type":"-"}},{"type":"Feature","geometry":{"type":"LineString","coordinates":[[-77.002802,38.901324],[-77.002802,38.901324]]},"properties":{"assigned":false,"tripId":28244716}},{"type":"Feature","geometry":{"type":"Point","coordinates":[-77.040856,38.905199]},"properties":{"assigned":false,"riderId":31471922,"type":"+"}},{"type":"Feature","geometry":{"type":"Point","coordinates":[-77.030631,38.907903]},"properties":{"assigned":false,"tripId":31471922,"type":"-"}},{"type":"Feature","geometry":{"type":"LineString","coordinates":[[-77.040856,38.905199],[-77.030631,38.907903]]},"properties":{"assigned":false,"tripId":31471922}},{"type":"Feature","geometry":{"type":"Point","coordinates":[-77.03273,38.936671]},"properties":{"assigned":false,"riderId":28635489,"type":"+"}},{"type":"Feature","geometry":{"type":"Point","coordinates":[-77.028082,38.899063]},"properties":{"assigned":false,"tripId":28635489,"type":"-"}},{"type":"Feature","geometry":{"type":"LineString","coordinates":[[-77.03273,38.936671],[-77.028082,38.899063]]},"properties":{"assigned":false,"tripId":28635489}},{"type":"Feature","geometry":{"type":"Point","coordinates":[-77.044193,38.89599]},"properties":{"assigned":false,"riderId":29490809,"type":"+"}},{"type":"Feature","geometry":{"type":"Point","coordinates":[-77.043458,38.903134]},"properties":{"assigned":false,"tripId":29490809,"type":"-"}},{"type":"Feature","geometry":{"type":"LineString","coordinates":[[-77.044193,38.89599],[-77.043458,38.903134]]},"properties":{"assigned":false,"tripId":29490809}},{"type":"Feature","geometry":{"type":"Point","coordinates":[-77.049781,38.888356]},"properties":{"assigned":false,"riderId":30447552,"type":"+"}},{"type":"Feature","geometry":{"type":"Point","coordinates":[-77.009057,38.869938]},"properties":{"assigned":false,"tripId":30447552,"type":"-"}},{"type":"Feature","geometry":{"type":"LineString","coordinates":[[-77.049781,38.888356],[-77.009057,38.869938]]},"properties":{"assigned":false,"tripId":30447552}},{"type":"Feature","geometry":{"type":"Point","coordinates":[-77.049497,38.8935]},"properties":{"assigned":false,"riderId":27522858,"type":"+"}},{"type":"Feature","geometry":{"type":"Point","coordinates":[-77.044885,38.910634]},"properties":{"assigned":false,"tripId":27522858,"type":"-"}},{"type":"Feature","geometry":{"type":"LineString","coordinates":[[-77.049497,38.8935],[-77.044885,38.910634]]},"properties":{"assigned":false,"tripId":27522858}},{"type":"Feature","geometry":{"type":"Point","coordinates":[-77.037948,38.899474]},"properties":{"assigned":false,"riderId":29005717,"type":"+"}},{"type":"Feature","geometry":{"type":"Point","coordinates":[-77.019734,38.888768]},"properties":{"assigned":false,"tripId":29005717,"type":"-"}},{"type":"Feature","geometry":{"type":"LineString","coordinates":[[-77.037948,38.899474],[-77.019734,38.888768]]},"properties":{"assigned":false,"tripId":29005717}},{"type":"Feature","geometry":{"type":"Point","coordinates":[-77.032729,38.939209]},"properties":{"assigned":false,"riderId":31200487,"type":"+"}},{"type":"Feature","geometry":{"type":"Point","coordinates":[-77.04236,38.92431]},"properties":{"assigned":false,"tripId":31200487,"type":"-"}},{"type":"Feature","geometry":{"type":"LineString","coordinates":[[-77.032729,38.939209],[-77.04236,38.92431]]},"properties":{"assigned":false,"tripId":31200487}},{"type":"Feature","geometry":{"type":"Point","coordinates":[-77.031953,38.919625]},"properties":{"assigned":false,"riderId":29466798,"type":"+"}},{"type":"Feature","geometry":{"type":"Point","coordinates":[-77.046657,38.898949]},"properties":{"assigned":false,"tripId":29466798,"type":"-"}},{"type":"Feature","geometry":{"type":"LineString","coordinates":[[-77.031953,38.919625],[-77.046657,38.898949]]},"properties":{"assigned":false,"tripId":29466798}},{"type":"Feature","geometry":{"type":"Point","coordinates":[-77.033254,38.909652]},"properties":{"assigned":false,"riderId":28491574,"type":"+"}},{"type":"Feature","geometry":{"type":"Point","coordinates":[-77.036541,38.903132]},"properties":{"assigned":false,"tripId":28491574,"type":"-"}},{"type":"Feature","geometry":{"type":"LineString","coordinates":[[-77.033254,38.909652],[-77.036541,38.903132]]},"properties":{"assigned":false,"tripId":28491574}},{"type":"Feature","geometry":{"type":"Point","coordinates":[-77.044178,38.903742]},"properties":{"assigned":false,"riderId":29447859,"type":"+"}},{"type":"Feature","geometry":{"type":"Point","coordinates":[-77.056732,38.935031]},"properties":{"assigned":false,"tripId":29447859,"type":"-"}},{"type":"Feature","geometry":{"type":"LineString","coordinates":[[-77.044178,38.903742],[-77.056732,38.935031]]},"properties":{"assigned":false,"tripId":29447859}},{"type":"Feature","geometry":{"type":"Point","coordinates":[-77.050132,38.900136]},"properties":{"assigned":false,"riderId":28642566,"type":"+"}},{"type":"Feature","geometry":{"type":"Point","coordinates":[-77.080187,38.909225]},"properties":{"assigned":false,"tripId":28642566,"type":"-"}},{"type":"Feature","geometry":{"type":"LineString","coordinates":[[-77.050132,38.900136],[-77.080187,38.909225]]},"properties":{"assigned":false,"tripId":28642566}},{"type":"Feature","geometry":{"type":"Point","coordinates":[-77.040856,38.905199]},"properties":{"active":false,"driverId":1,"type":"L"}},{"type":"Feature","geometry":{"type":"Point","coordinates":[-77.022954,38.896671]},"properties":{"active":false,"driverId":2,"type":"L"}},{"type":"Feature","geometry":{"type":"Point","coordinates":[-77.041357,38.906062]},"properties":{"active":false,"driverId":3,"type":"L"}},{"type":"Feature","geometry":{"type":"Point","coordinates":[-77.038076,38.906703]},"properties":{"active":false,"driverId":4,"type":"L"}},{"type":"Feature","geometry":{"type":"Point","coordinates":[-77.055491,38.930368]},"properties":{"active":false,"driverId":5,"type":"L"}},{"type":"Feature","geometry":{"type":"Point","coordinates":[-77.05331,38.901613]},"properties":{"active":false,"driverId":6,"type":"L"}},{"type":"Feature","geometry":{"type":"Point","coordinates":[-77.037534,38.901336]},"properties":{"active":false,"driverId":7,"type":"L"}},{"type":"Feature","geometry":{"type":"Point","coordinates":[-77.048212,38.904549]},"properties":{"active":false,"driverId":8,"type":"L"}},{"type":"Feature","geometry":{"type":"Point","coordinates":[-77.033693,38.886168]},"properties":{"active":false,"driverId":9,"type":"L"}},{"type":"Feature","geometry":{"type":"Point","coordinates":[-77.039447,38.900774]},"properties":{"active":false,"driverId":10,"type":"L"}},{"type":"Feature","geometry":{"type":"Point","coordinates":[-77.022931,38.892078]},"properties":{"active":false,"driverId":11,"type":"L"}},{"type":"Feature","geometry":{"type":"Point","coordinates":[-77.040078,38.910388]},"properties":{"active":false,"driverId":12,"type":"L"}},{"type":"Feature","geometry":{"type":"Point","coordinates":[-77.045773,38.902524]},"properties":{"active":false,"driverId":13,"type":"L"}},{"type":"Feature","geometry":{"type":"Point","coordinates":[-77.031218,38.937605]},"properties":{"active":false,"driverId":14,"type":"L"}},{"type":"Feature","geometry":{"type":"Point","coordinates":[-77.043452,38.921705]},"properties":{"active":false,"driverId":15,"type":"L"}},{"type":"Feature","geometry":{"type":"Point","coordinates":[-77.010466,38.897337]},"properties":{"active":false,"driverId":16,"type":"L"}},{"type":"Feature","geometry":{"type":"Point","coordinates":[-77.047508,38.906533]},"properties":{"active":false,"driverId":17,"type":"L"}},{"type":"Feature","geometry":{"type":"Point","coordinates":[-77.022428,38.909645]},"properties":{"active":false,"driverId":18,"type":"L"}},{"type":"Feature","geometry":{"type":"Point","coordinates":[-77.014492,38.887564]},"properties":{"active":false,"driverId":19,"type":"L"}},{"type":"Feature","geometry":{"type":"Point","coordinates":[-77.04418,38.900455]},"properties":{"active":false,"driverId":20,"type":"L"}},{"type":"Feature","geometry":{"type":"Point","coordinates":[-77.049497,38.8935]},"properties":{"active":false,"driverId":21,"type":"L"}},{"type":"Feature","geometry":{"type":"Point","coordinates":[-77.037517,38.90565]},"properties":{"active":false,"driverId":22,"type":"L"}},{"type":"Feature","geometry":{"type":"Point","coordinates":[-77.045287,38.907244]},"properties":{"active":false,"driverId":23,"type":"L"}},{"type":"Feature","geometry":{"type":"Point","coordinates":[-77.019902,38.910382]},"properties":{"active":false,"driverId":24,"type":"L"}},{"type":"Feature","geometry":{"type":"Point","coordinates":[-77.010609,38.887591]},"properties":{"active":false,"driverId":25,"type":"L"}},{"type":"Feature","geometry":{"type":"Point","coordinates":[-77.034573,38.904692]},"properties":{"active":false,"driverId":26,"type":"L"}},{"type":"Feature","geometry":{"type":"Point","coordinates":[-77.046821,38.906042]},"properties":{"active":false,"driverId":27,"type":"L"}},{"type":"Feature","geometry":{"type":"Point","coordinates":[-77.019242,38.892576]},"properties":{"active":false,"driverId":28,"type":"L"}},{"type":"Feature","geometry":{"type":"Point","coordinates":[-77.042514,38.910635]},"properties":{"active":false,"driverId":29,"type":"L"}},{"type":"Feature","geometry":{"type":"Point","coordinates":[-77.054339,38.923379]},"properties":{"active":false,"driverId":30,"type":"L"}},{"type":"Feature","geometry":{"type":"Point","coordinates":[-77.013912,38.931227]},"properties":{"active":false,"driverId":31,"type":"L"}},{"type":"Feature","geometry":{"type":"Point","coordinates":[-77.00131,38.886769]},"properties":{"active":false,"driverId":32,"type":"L"}},{"type":"Feature","geometry":{"type":"Point","coordinates":[-77.023967,38.91628]},"properties":{"active":false,"driverId":33,"type":"L"}},{"type":"Feature","geometry":{"type":"Point","coordinates":[-77.05236,38.903307]},"properties":{"active":false,"driverId":34,"type":"L"}},{"type":"Feature","geometry":{"type":"Point","coordinates":[-77.040078,38.910388]},"properties":{"active":false,"driverId":35,"type":"L"}},{"type":"Feature","geometry":{"type":"Point","coordinates":[-77.050104,38.906255]},"properties":{"active":false,"driverId":36,"type":"L"}},{"type":"Feature","geometry":{"type":"Point","coordinates":[-77.038485,38.911497]},"properties":{"active":false,"driverId":37,"type":"L"}},{"type":"Feature","geometry":{"type":"Point","coordinates":[-77.039809,38.906102]},"properties":{"active":false,"driverId":38,"type":"L"}},{"type":"Feature","geometry":{"type":"Point","coordinates":[-77.022931,38.892078]},"properties":{"active":false,"driverId":39,"type":"L"}},{"type":"Feature","geometry":{"type":"Point","coordinates":[-77.049169,38.902213]},"properties":{"active":false,"driverId":40,"type":"L"}},{"type":"Feature","geometry":{"type":"Point","coordinates":[-77.048141,38.905262]},"properties":{"active":false,"driverId":41,"type":"L"}},{"type":"Feature","geometry":{"type":"Point","coordinates":[-76.993075,38.903723]},"properties":{"active":false,"driverId":42,"type":"L"}},{"type":"Feature","geometry":{"type":"Point","coordinates":[-77.040077,38.911127]},"properties":{"active":false,"driverId":43,"type":"L"}},{"type":"Feature","geometry":{"type":"Point","coordinates":[-77.001308,38.887598]},"properties":{"active":false,"driverId":44,"type":"L"}},{"type":"Feature","geometry":{"type":"Point","coordinates":[-77.035558,38.903739]},"properties":{"active":false,"driverId":45,"type":"L"}},{"type":"Feature","geometry":{"type":"Point","coordinates":[-77.043607,38.909927]},"properties":{"active":false,"driverId":46,"type":"L"}},{"type":"Feature","geometry":{"type":"Point","coordinates":[-77.030801,38.896114]},"properties":{"active":false,"driverId":47,"type":"L"}},{"type":"Feature","geometry":{"type":"Point","coordinates":[-77.010619,38.900207]},"properties":{"active":false,"driverId":48,"type":"L"}},{"type":"Feature","geometry":{"type":"Point","coordinates":[-77.02813,38.893552]},"properties":{"active":false,"driverId":49,"type":"L"}},{"type":"Feature","geometry":{"type":"Point","coordinates":[-77.029636,38.895786]},"properties":{"active":false,"driverId":50,"type":"L"}},{"type":"Feature","geometry":{"type":"Point","coordinates":[-77.0328,38.898318]},"properties":{"active":false,"driverId":51,"type":"L"}},{"type":"Feature","geometry":{"type":"Point","coordinates":[-77.030117,38.910043]},"properties":{"active":false,"driverId":52,"type":"L"}},{"type":"Feature","geometry":{"type":"Point","coordinates":[-77.040299,38.904238]},"properties":{"active":false,"driverId":53,"type":"L"}},{"type":"Feature","geometry":{"type":"Point","coordinates":[-77.065947,38.94836]},"properties":{"active":false,"driverId":54,"type":"L"}},{"type":"Feature","geometry":{"type":"Point","coordinates":[-77.057578,38.905089]},"properties":{"active":false,"driverId":55,"type":"L"}},{"type":"Feature","geometry":{"type":"Point","coordinates":[-77.031954,38.915929]},"properties":{"active":false,"driverId":56,"type":"L"}},{"type":"Feature","geometry":{"type":"Point","coordinates":[-77.010609,38.887591]},"properties":{"active":false,"driverId":57,"type":"L"}},{"type":"Feature","geometry":{"type":"Point","coordinates":[-77.029987,38.900097]},"properties":{"active":false,"driverId":58,"type":"L"}},{"type":"Feature","geometry":{"type":"Point","coordinates":[-77.010609,38.887591]},"properties":{"active":false,"driverId":59,"type":"L"}},{"type":"Feature","geometry":{"type":"Point","coordinates":[-77.021917,38.895463]},"properties":{"active":false,"driverId":60,"type":"L"}},{"type":"Feature","geometry":{"type":"Point","coordinates":[-77.034266,38.933577]},"properties":{"active":false,"driverId":61,"type":"L"}},{"type":"Feature","geometry":{"type":"Point","coordinates":[-77.027575,38.894878]},"properties":{"active":false,"driverId":62,"type":"L"}},{"type":"Feature","geometry":{"type":"Point","coordinates":[-77.036488,38.916645]},"properties":{"active":false,"driverId":63,"type":"L"}},{"type":"Feature","geometry":{"type":"Point","coordinates":[-77.010664,38.918106]},"properties":{"active":false,"driverId":64,"type":"L"}},{"type":"Feature","geometry":{"type":"Point","coordinates":[-77.038724,38.8964]},"properties":{"active":false,"driverId":65,"type":"L"}},{"type":"Feature","geometry":{"type":"Point","coordinates":[-77.014666,38.926399]},"properties":{"active":false,"driverId":66,"type":"L"}},{"type":"Feature","geometry":{"type":"Point","coordinates":[-77.085017,38.932067]},"properties":{"active":false,"driverId":67,"type":"L"}},{"type":"Feature","geometry":{"type":"Point","coordinates":[-77.015678,38.897341]},"properties":{"active":false,"driverId":68,"type":"L"}},{"type":"Feature","geometry":{"type":"Point","coordinates":[-77.028985,38.931572]},"properties":{"active":false,"driverId":69,"type":"L"}},{"type":"Feature","geometry":{"type":"Point","coordinates":[-77.031967,38.896727]},"properties":{"active":false,"driverId":70,"type":"L"}},{"type":"Feature","geometry":{"type":"Point","coordinates":[-77.028458,38.919182]},"properties":{"active":false,"driverId":71,"type":"L"}},{"type":"Feature","geometry":{"type":"Point","coordinates":[-77.04295,38.922492]},"properties":{"active":false,"driverId":72,"type":"L"}},{"type":"Feature","geometry":{"type":"Point","coordinates":[-77.034105,38.902514]},"properties":{"active":false,"driverId":73,"type":"L"}},{"type":"Feature","geometry":{"type":"Point","coordinates":[-77.006668,38.879284]},"properties":{"active":false,"driverId":74,"type":"L"}},{"type":"Feature","geometry":{"type":"Point","coordinates":[-77.026514,38.899817]},"properties":{"active":false,"driverId":75,"type":"L"}},{"type":"Feature","geometry":{"type":"Point","coordinates":[-77.038393,38.926469]},"properties":{"active":false,"driverId":76,"type":"L"}},{"type":"Feature","geometry":{"type":"Point","coordinates":[-77.037204,38.916297]},"properties":{"active":false,"driverId":77,"type":"L"}},{"type":"Feature","geometry":{"type":"Point","coordinates":[-77.039686,38.919973]},"properties":{"active":false,"driverId":78,"type":"L"}},{"type":"Feature","geometry":{"type":"Point","coordinates":[-77.029622,38.913718]},"properties":{"active":false,"driverId":79,"type":"L"}},{"type":"Feature","geometry":{"type":"Point","coordinates":[-76.991433,38.942866]},"properties":{"active":false,"driverId":80,"type":"L"}},{"type":"Feature","geometry":{"type":"Point","coordinates":[-77.032614,38.904526]},"properties":{"active":false,"driverId":81,"type":"L"}},{"type":"Feature","geometry":{"type":"Point","coordinates":[-77.045348,38.918159]},"properties":{"active":false,"driverId":82,"type":"L"}},{"type":"Feature","geometry":{"type":"Point","coordinates":[-76.994962,38.904247]},"properties":{"active":false,"driverId":83,"type":"L"}},{"type":"Feature","geometry":{"type":"Point","coordinates":[-77.011189,38.895455]},"properties":{"active":false,"driverId":84,"type":"L"}},{"type":"Feature","geometry":{"type":"Point","coordinates":[-77.052765,38.910601]},"properties":{"active":false,"driverId":85,"type":"L"}},{"type":"Feature","geometry":{"type":"Point","coordinates":[-77.02599,38.897831]},"properties":{"active":false,"driverId":86,"type":"L"}},{"type":"Feature","geometry":{"type":"Point","coordinates":[-77.040574,38.900213]},"properties":{"active":false,"driverId":87,"type":"L"}},{"type":"Feature","geometry":{"type":"Point","coordinates":[-77.029618,38.919841]},"properties":{"active":false,"driverId":88,"type":"L"}},{"type":"Feature","geometry":{"type":"Point","coordinates":[-77.024996,38.901805]},"properties":{"active":false,"driverId":89,"type":"L"}},{"type":"Feature","geometry":{"type":"Point","coordinates":[-77.057578,38.905089]},"properties":{"active":false,"driverId":90,"type":"L"}},{"type":"Feature","geometry":{"type":"Point","coordinates":[-77.021915,38.893586]},"properties":{"active":false,"driverId":91,"type":"L"}},{"type":"Feature","geometry":{"type":"Point","coordinates":[-77.038237,38.93096]},"properties":{"active":false,"driverId":92,"type":"L"}},{"type":"Feature","geometry":{"type":"Point","coordinates":[-77.046645,38.904683]},"properties":{"active":false,"driverId":93,"type":"L"}},{"type":"Feature","geometry":{"type":"Point","coordinates":[-77.014666,38.926399]},"properties":{"active":false,"driverId":94,"type":"L"}},{"type":"Feature","geometry":{"type":"Point","coordinates":[-77.02396,38.897867]},"properties":{"active":false,"driverId":95,"type":"L"}},{"type":"Feature","geometry":{"type":"Point","coordinates":[-77.031967,38.896727]},"properties":{"active":false,"driverId":96,"type":"L"}},{"type":"Feature","geometry":{"type":"Point","coordinates":[-77.026514,38.899817]},"properties":{"active":false,"driverId":97,"type":"L"}},{"type":"Feature","geometry":{"type":"Point","coordinates":[-77.032729,38.939209]},"properties":{"active":false,"driverId":98,"type":"L"}},{"type":"Feature","geometry":{"type":"Point","coordinates":[-77.040856,38.905199]},"properties":{"active":false,"driverId":99,"type":"L"}},{"type":"Feature","geometry":{"type":"Point","coordinates":[-77.032789,38.89632]},"properties":{"active":false,"driverId":100,"type":"L"}},{"type":"Feature","geometry":{"type":"Point","coordinates":[-77.074422,38.930842]},"properties":{"active":false,"driverId":101,"type":"L"}},{"type":"Feature","geometry":{"type":"Point","coordinates":[-77.005893,38.885552]},"properties":{"active":false,"driverId":102,"type":"L"}},{"type":"Feature","geometry":{"type":"Point","coordinates":[-77.036545,38.892353]},"properties":{"active":false,"driverId":103,"type":"L"}},{"type":"Feature","geometry":{"type":"Point","coordinates":[-77.031951,38.917555]},"properties":{"active":false,"driverId":104,"type":"L"}},{"type":"Feature","geometry":{"type":"Point","coordinates":[-77.009057,38.869938]},"properties":{"active":false,"driverId":105,"type":"L"}},{"type":"Feature","geometry":{"type":"Point","coordinates":[-77.064024,38.906001]},"properties":{"active":false,"driverId":106,"type":"L"}},{"type":"Feature","geometry":{"type":"Point","coordinates":[-77.021917,38.897861]},"properties":{"active":false,"driverId":107,"type":"L"}},{"type":"Feature","geometry":{"type":"Point","coordinates":[-77.045589,38.913345]},"properties":{"active":false,"driverId":108,"type":"L"}},{"type":"Feature","geometry":{"type":"Point","coordinates":[-77.013666,38.883461]},"properties":{"active":false,"driverId":109,"type":"L"}},{"type":"Feature","geometry":{"type":"Point","coordinates":[-77.034569,38.906102]},"properties":{"active":false,"driverId":110,"type":"L"}},{"type":"Feature","geometry":{"type":"Point","coordinates":[-77.019242,38.892576]},"properties":{"active":false,"driverId":111,"type":"L"}},{"type":"Feature","geometry":{"type":"Point","coordinates":[-77.00861,38.887585]},"properties":{"active":false,"driverId":112,"type":"L"}},{"type":"Feature","geometry":{"type":"Point","coordinates":[-77.042725,38.899946]},"properties":{"active":false,"driverId":113,"type":"L"}},{"type":"Feature","geometry":{"type":"Point","coordinates":[-76.997854,38.877526]},"properties":{"active":false,"driverId":114,"type":"L"}},{"type":"Feature","geometry":{"type":"Point","coordinates":[-77.04749,38.918242]},"properties":{"active":false,"driverId":115,"type":"L"}},{"type":"Feature","geometry":{"type":"Point","coordinates":[-77.03259,38.928172]},"properties":{"active":false,"driverId":116,"type":"L"}},{"type":"Feature","geometry":{"type":"Point","coordinates":[-77.02962,38.910659]},"properties":{"active":false,"driverId":117,"type":"L"}},{"type":"Feature","geometry":{"type":"Point","coordinates":[-77.02813,38.893552]},"properties":{"active":false,"driverId":118,"type":"L"}},{"type":"Feature","geometry":{"type":"Point","coordinates":[-77.021914,38.894336]},"properties":{"active":false,"driverId":119,"type":"L"}},{"type":"Feature","geometry":{"type":"Point","coordinates":[-77.02756,38.911124]},"properties":{"active":false,"driverId":120,"type":"L"}},{"type":"Feature","geometry":{"type":"Point","coordinates":[-77.024969,38.897344]},"properties":{"active":false,"driverId":121,"type":"L"}},{"type":"Feature","geometry":{"type":"Point","coordinates":[-77.041681,38.919202]},"properties":{"active":false,"driverId":122,"type":"L"}},{"type":"Feature","geometry":{"type":"Point","coordinates":[-77.038724,38.8964]},"properties":{"active":false,"driverId":123,"type":"L"}},{"type":"Feature","geometry":{"type":"Point","coordinates":[-77.019205,38.887119]},"properties":{"active":false,"driverId":124,"type":"L"}},{"type":"Feature","geometry":{"type":"Point","coordinates":[-77.063916,38.944869]},"properties":{"active":false,"driverId":125,"type":"L"}},{"type":"Feature","geometry":{"type":"Point","coordinates":[-77.032793,38.902523]},"properties":{"active":false,"driverId":126,"type":"L"}},{"type":"Feature","geometry":{"type":"Point","coordinates":[-77.048141,38.905262]},"properties":{"active":false,"driverId":127,"type":"L"}},{"type":"Feature","geometry":{"type":"Point","coordinates":[-77.044181,38.901337]},"properties":{"active":false,"driverId":128,"type":"L"}},{"type":"Feature","geometry":{"type":"Point","coordinates":[-77.010245,38.896122]},"properties":{"active":false,"driverId":129,"type":"L"}},{"type":"Feature","geometry":{"type":"Point","coordinates":[-77.039686,38.919973]},"properties":{"active":false,"driverId":130,"type":"L"}},{"type":"Feature","geometry":{"type":"Point","coordinates":[-77.064024,38.906001]},"properties":{"active":false,"driverId":131,"type":"L"}},{"type":"Feature","geometry":{"type":"Point","coordinates":[-77.027562,38.897349]},"properties":{"active":false,"driverId":132,"type":"L"}},{"type":"Feature","geometry":{"type":"Point","coordinates":[-77.039062,38.914317]},"properties":{"active":false,"driverId":133,"type":"L"}},{"type":"Feature","geometry":{"type":"Point","coordinates":[-77.029987,38.900097]},"properties":{"active":false,"driverId":134,"type":"L"}},{"type":"Feature","geometry":{"type":"Point","coordinates":[-77.043438,38.908489]},"properties":{"active":false,"driverId":135,"type":"L"}},{"type":"Feature","geometry":{"type":"Point","coordinates":[-77.033254,38.909652]},"properties":{"active":false,"driverId":136,"type":"L"}},{"type":"Feature","geometry":{"type":"Point","coordinates":[-77.042365,38.921623]},"properties":{"active":false,"driverId":137,"type":"L"}},{"type":"Feature","geometry":{"type":"Point","coordinates":[-76.980387,38.899615]},"properties":{"active":false,"driverId":138,"type":"L"}},{"type":"Feature","geometry":{"type":"Point","coordinates":[-77.018731,38.886039]},"properties":{"active":false,"driverId":139,"type":"L"}},{"type":"Feature","geometry":{"type":"Point","coordinates":[-77.021917,38.897861]},"properties":{"active":false,"driverId":140,"type":"L"}},{"type":"Feature","geometry":{"type":"Point","coordinates":[-77.052487,38.925203]},"properties":{"active":false,"driverId":141,"type":"L"}},{"type":"Feature","geometry":{"type":"Point","coordinates":[-77.055332,38.926334]},"properties":{"active":false,"driverId":142,"type":"L"}},{"type":"Feature","geometry":{"type":"Point","coordinates":[-77.01991,38.900339]},"properties":{"active":false,"driverId":143,"type":"L"}},{"type":"Feature","geometry":{"type":"Point","coordinates":[-76.994963,38.894181]},"properties":{"active":false,"driverId":144,"type":"L"}},{"type":"Feature","geometry":{"type":"Point","coordinates":[-77.027556,38.898316]},"properties":{"active":false,"driverId":145,"type":"L"}},{"type":"Feature","geometry":{"type":"Point","coordinates":[-77.009855,38.879286]},"properties":{"active":false,"driverId":146,"type":"L"}},{"type":"Feature","geometry":{"type":"Point","coordinates":[-77.023986,38.901478]},"properties":{"active":false,"driverId":147,"type":"L"}},{"type":"Feature","geometry":{"type":"Point","coordinates":[-77.051405,38.906252]},"properties":{"active":false,"driverId":148,"type":"L"}},{"type":"Feature","geometry":{"type":"Point","coordinates":[-77.017555,38.897329]},"properties":{"active":false,"driverId":149,"type":"L"}},{"type":"Feature","geometry":{"type":"Point","coordinates":[-77.024969,38.897344]},"properties":{"active":false,"driverId":150,"type":"L"}},{"type":"Feature","geometry":{"type":"Point","coordinates":[-76.998449,38.89773]},"properties":{"active":false,"driverId":151,"type":"L"}},{"type":"Feature","geometry":{"type":"Point","coordinates":[-77.028855,38.897339]},"properties":{"active":false,"driverId":152,"type":"L"}},{"type":"Feature","geometry":{"type":"Point","coordinates":[-77.024975,38.907238]},"properties":{"active":false,"driverId":153,"type":"L"}},{"type":"Feature","geometry":{"type":"Point","coordinates":[-77.01991,38.900339]},"properties":{"active":false,"driverId":154,"type":"L"}},{"type":"Feature","geometry":{"type":"Point","coordinates":[-77.022942,38.910385]},"properties":{"active":false,"driverId":155,"type":"L"}},{"type":"Feature","geometry":{"type":"Point","coordinates":[-77.074949,38.912606]},"properties":{"active":false,"driverId":156,"type":"L"}},{"type":"Feature","geometry":{"type":"Point","coordinates":[-77.030858,38.922429]},"properties":{"active":false,"driverId":157,"type":"L"}},{"type":"Feature","geometry":{"type":"Point","coordinates":[-77.046385,38.916875]},"properties":{"active":false,"driverId":158,"type":"L"}},{"type":"Feature","geometry":{"type":"Point","coordinates":[-77.037524,38.903739]},"properties":{"active":false,"driverId":159,"type":"L"}},{"type":"Feature","geometry":{"type":"Point","coordinates":[-77.041681,38.918281]},"properties":{"active":false,"driverId":160,"type":"L"}},{"type":"Feature","geometry":{"type":"Point","coordinates":[-77.025321,38.936819]},"properties":{"active":false,"driverId":161,"type":"L"}},{"type":"Feature","geometry":{"type":"Point","coordinates":[-76.989095,38.94703]},"properties":{"active":false,"driverId":162,"type":"L"}},{"type":"Feature","geometry":{"type":"Point","coordinates":[-77.018293,38.90252]},"properties":{"active":false,"driverId":163,"type":"L"}},{"type":"Feature","geometry":{"type":"Point","coordinates":[-77.023477,38.897207]},"properties":{"active":false,"driverId":164,"type":"L"}},{"type":"Feature","geometry":{"type":"Point","coordinates":[-76.99532,38.887741]},"properties":{"active":false,"driverId":165,"type":"L"}},{"type":"Feature","geometry":{"type":"Point","coordinates":[-77.024996,38.901805]},"properties":{"active":false,"driverId":166,"type":"L"}},{"type":"Feature","geometry":{"type":"Point","coordinates":[-77.043816,38.920849]},"properties":{"active":false,"driverId":167,"type":"L"}},{"type":"Feature","geometry":{"type":"Point","coordinates":[-77.049541,38.911762]},"properties":{"active":false,"driverId":168,"type":"L"}},{"type":"Feature","geometry":{"type":"Point","coordinates":[-77.022433,38.911123]},"properties":{"active":false,"driverId":169,"type":"L"}},{"type":"Feature","geometry":{"type":"Point","coordinates":[-77.005208,38.877525]},"properties":{"active":false,"driverId":170,"type":"L"}},{"type":"Feature","geometry":{"type":"Point","coordinates":[-77.019328,38.887568]},"properties":{"active":false,"driverId":171,"type":"L"}},{"type":"Feature","geometry":{"type":"Point","coordinates":[-77.008388,38.897204]},"properties":{"active":false,"driverId":172,"type":"L"}},{"type":"Feature","geometry":{"type":"Point","coordinates":[-77.038393,38.926469]},"properties":{"active":false,"driverId":173,"type":"L"}},{"type":"Feature","geometry":{"type":"Point","coordinates":[-77.037264,38.906994]},"properties":{"active":false,"driverId":174,"type":"L"}},{"type":"Feature","geometry":{"type":"Point","coordinates":[-77.03195,38.908039]},"properties":{"active":false,"driverId":175,"type":"L"}},{"type":"Feature","geometry":{"type":"Point","coordinates":[-77.040064,38.931446]},"properties":{"active":false,"driverId":176,"type":"L"}},{"type":"Feature","geometry":{"type":"Point","coordinates":[-77.013719,38.881283]},"properties":{"active":false,"driverId":177,"type":"L"}},{"type":"Feature","geometry":{"type":"Point","coordinates":[-77.021917,38.89913]},"properties":{"active":false,"driverId":178,"type":"L"}},{"type":"Feature","geometry":{"type":"Point","coordinates":[-77.033421,38.90314]},"properties":{"active":false,"driverId":179,"type":"L"}},{"type":"Feature","geometry":{"type":"Point","coordinates":[-77.012429,38.890825]},"properties":{"active":false,"driverId":180,"type":"L"}},{"type":"Feature","geometry":{"type":"Point","coordinates":[-76.995564,38.895185]},"properties":{"active":false,"driverId":181,"type":"L"}},{"type":"Feature","geometry":{"type":"Point","coordinates":[-77.066122,38.942403]},"properties":{"active":false,"driverId":182,"type":"L"}},{"type":"Feature","geometry":{"type":"Point","coordinates":[-77.049476,38.900699]},"properties":{"active":false,"driverId":183,"type":"L"}},{"type":"Feature","geometry":{"type":"Point","coordinates":[-76.915698,38.887942]},"properties":{"active":false,"driverId":184,"type":"L"}},{"type":"Feature","geometry":{"type":"Point","coordinates":[-77.033422,38.96264]},"properties":{"active":false,"driverId":185,"type":"L"}},{"type":"Feature","geometry":{"type":"Point","coordinates":[-77.0328,38.898318]},"properties":{"active":false,"driverId":186,"type":"L"}},{"type":"Feature","geometry":{"type":"Point","coordinates":[-77.030788,38.916284]},"properties":{"active":false,"driverId":187,"type":"L"}},{"type":"Feature","geometry":{"type":"Point","coordinates":[-77.031962,38.900771]},"properties":{"active":false,"driverId":188,"type":"L"}},{"type":"Feature","geometry":{"type":"Point","coordinates":[-77.029619,38.897826]},"properties":{"active":false,"driverId":189,"type":"L"}},{"type":"Feature","geometry":{"type":"Point","coordinates":[-77.008388,38.897204]},"properties":{"active":false,"driverId":190,"type":"L"}},{"type":"Feature","geometry":{"type":"Point","coordinates":[-77.026514,38.899817]},"properties":{"active":false,"driverId":191,"type":"L"}},{"type":"Feature","geometry":{"type":"Point","coordinates":[-77.035842,38.900199]},"properties":{"active":false,"driverId":192,"type":"L"}},{"type":"Feature","geometry":{"type":"Point","coordinates":[-77.029987,38.900097]},"properties":{"active":false,"driverId":193,"type":"L"}},{"type":"Feature","geometry":{"type":"Point","coordinates":[-77.021917,38.896704]},"properties":{"active":false,"driverId":194,"type":"L"}},{"type":"Feature","geometry":{"type":"Point","coordinates":[-77.028855,38.897339]},"properties":{"active":false,"driverId":195,"type":"L"}},{"type":"Feature","geometry":{"type":"Point","coordinates":[-77.062822,38.905601]},"properties":{"active":false,"driverId":196,"type":"L"}},{"type":"Feature","geometry":{"type":"Point","coordinates":[-77.040856,38.905199]},"properties":{"active":false,"driverId":197,"type":"L"}},{"type":"Feature","geometry":{"type":"Point","coordinates":[-77.033644,38.900769]},"properties":{"active":false,"driverId":198,"type":"L"}},{"type":"Feature","geometry":{"type":"Point","coordinates":[-77.040077,38.930566]},"properties":{"active":false,"driverId":199,"type":"L"}},{"type":"Feature","geometry":{"type":"Point","coordinates":[-77.039686,38.919973]},"properties":{"active":false,"driverId":200,"type":"L"}},{"type":"Feature","geometry":{"type":"Point","coordinates":[-77.039447,38.900774]},"properties":{"active":false,"driverId":201,"type":"L"}},{"type":"Feature","geometry":{"type":"Point","coordinates":[-77.046661,38.897837]},"properties":{"active":false,"driverId":202,"type":"L"}},{"type":"Feature","geometry":{"type":"Point","coordinates":[-77.031962,38.900771]},"properties":{"active":false,"driverId":203,"type":"L"}},{"type":"Feature","geometry":{"type":"Point","coordinates":[-77.045597,38.91935]},"properties":{"active":false,"driverId":204,"type":"L"}},{"type":"Feature","geometry":{"type":"Point","coordinates":[-77.002764,38.88737]},"properties":{"active":false,"driverId":205,"type":"L"}},{"type":"Feature","geometry":{"type":"Point","coordinates":[-77.03926,38.903741]},"properties":{"active":false,"driverId":206,"type":"L"}},{"type":"Feature","geometry":{"type":"Point","coordinates":[-77.043816,38.920849]},"properties":{"active":false,"driverId":207,"type":"L"}},{"type":"Feature","geometry":{"type":"Point","coordinates":[-77.023477,38.897207]},"properties":{"active":false,"driverId":208,"type":"L"}},{"type":"Feature","geometry":{"type":"Point","coordinates":[-77.03653,38.907175]},"properties":{"active":false,"driverId":209,"type":"L"}},{"type":"Feature","geometry":{"type":"Point","coordinates":[-77.021918,38.91483]},"properties":{"active":false,"driverId":210,"type":"L"}},{"type":"Feature","geometry":{"type":"Point","coordinates":[-77.040581,38.899206]},"properties":{"active":false,"driverId":211,"type":"L"}},{"type":"Feature","geometry":{"type":"Point","coordinates":[-77.022981,38.902943]},"properties":{"active":false,"driverId":212,"type":"L"}},{"type":"Feature","geometry":{"type":"Point","coordinates":[-77.010245,38.896122]},"properties":{"active":false,"driverId":213,"type":"L"}},{"type":"Feature","geometry":{"type":"Point","coordinates":[-76.988424,38.854172]},"properties":{"active":false,"driverId":214,"type":"L"}},{"type":"Feature","geometry":{"type":"Point","coordinates":[-77.061713,38.943154]},"properties":{"active":false,"driverId":215,"type":"L"}},{"type":"Feature","geometry":{"type":"Point","coordinates":[-77.019175,38.941519]},"properties":{"active":false,"driverId":216,"type":"L"}},{"type":"Feature","geometry":{"type":"Point","coordinates":[-77.012352,38.897337]},"properties":{"active":false,"driverId":217,"type":"L"}},{"type":"Feature","geometry":{"type":"Point","coordinates":[-77.041686,38.904699]},"properties":{"active":false,"driverId":218,"type":"L"}},{"type":"Feature","geometry":{"type":"Point","coordinates":[-77.028851,38.904572]},"properties":{"active":false,"driverId":219,"type":"L"}},{"type":"Feature","geometry":{"type":"Point","coordinates":[-76.992644,38.895452]},"properties":{"active":false,"driverId":220,"type":"L"}},{"type":"Feature","geometry":{"type":"Point","coordinates":[-77.021917,38.89913]},"properties":{"active":false,"driverId":221,"type":"L"}},{"type":"Feature","geometry":{"type":"Point","coordinates":[-77.033644,38.900769]},"properties":{"active":false,"driverId":222,"type":"L"}},{"type":"Feature","geometry":{"type":"Point","coordinates":[-77.005884,38.906044]},"properties":{"active":false,"driverId":223,"type":"L"}},{"type":"Feature","geometry":{"type":"Point","coordinates":[-77.047756,38.897354]},"properties":{"active":false,"driverId":224,"type":"L"}},{"type":"Feature","geometry":{"type":"Point","coordinates":[-77.021917,38.895463]},"properties":{"active":false,"driverId":225,"type":"L"}},{"type":"Feature","geometry":{"type":"Point","coordinates":[-77.010609,38.887591]},"properties":{"active":false,"driverId":226,"type":"L"}},{"type":"Feature","geometry":{"type":"Point","coordinates":[-76.986906,38.900199]},"properties":{"active":false,"driverId":227,"type":"L"}},{"type":"Feature","geometry":{"type":"Point","coordinates":[-77.029626,38.896732]},"properties":{"active":false,"driverId":228,"type":"L"}},{"type":"Feature","geometry":{"type":"Point","coordinates":[-77.01755,38.903734]},"properties":{"active":false,"driverId":229,"type":"L"}},{"type":"Feature","geometry":{"type":"Point","coordinates":[-77.027556,38.901332]},"properties":{"active":false,"driverId":230,"type":"L"}},{"type":"Feature","geometry":{"type":"Point","coordinates":[-77.037262,38.907493]},"properties":{"active":false,"driverId":231,"type":"L"}},{"type":"Feature","geometry":{"type":"Point","coordinates":[-77.009056,38.96487]},"properties":{"active":false,"driverId":232,"type":"L"}},{"type":"Feature","geometry":{"type":"Point","coordinates":[-77.022943,38.893595]},"properties":{"active":false,"driverId":233,"type":"L"}},{"type":"Feature","geometry":{"type":"Point","coordinates":[-77.022423,38.917761]},"properties":{"active":false,"driverId":234,"type":"L"}},{"type":"Feature","geometry":{"type":"Point","coordinates":[-76.980071,38.917188]},"properties":{"active":false,"driverId":235,"type":"L"}},{"type":"Feature","geometry":{"type":"Point","coordinates":[-77.047716,38.909637]},"properties":{"active":false,"driverId":236,"type":"L"}},{"type":"Feature","geometry":{"type":"Point","coordinates":[-77.029111,38.884205]},"properties":{"active":false,"driverId":237,"type":"L"}},{"type":"Feature","geometry":{"type":"Point","coordinates":[-77.023978,38.895465]},"properties":{"active":false,"driverId":238,"type":"L"}},{"type":"Feature","geometry":{"type":"Point","coordinates":[-77.037534,38.901336]},"properties":{"active":false,"driverId":239,"type":"L"}},{"type":"Feature","geometry":{"type":"Point","coordinates":[-77.042543,38.914835]},"properties":{"active":false,"driverId":240,"type":"L"}},{"type":"Feature","geometry":{"type":"Point","coordinates":[-77.034569,38.906102]},"properties":{"active":false,"driverId":241,"type":"L"}},{"type":"Feature","geometry":{"type":"Point","coordinates":[-77.007026,38.887607]},"properties":{"active":false,"driverId":242,"type":"L"}},{"type":"Feature","geometry":{"type":"Point","coordinates":[-77.019416,38.896127]},"properties":{"active":false,"driverId":243,"type":"L"}},{"type":"Feature","geometry":{"type":"Point","coordinates":[-77.003866,38.89201]},"properties":{"active":false,"driverId":244,"type":"L"}},{"type":"Feature","geometry":{"type":"Point","coordinates":[-77.044185,38.899576]},"properties":{"active":false,"driverId":245,"type":"L"}},{"type":"Feature","geometry":{"type":"Point","coordinates":[-77.04872,38.89109]},"properties":{"active":false,"driverId":246,"type":"L"}},{"type":"Feature","geometry":{"type":"Point","coordinates":[-77.048806,38.905851]},"properties":{"active":false,"driverId":247,"type":"L"}},{"type":"Feature","geometry":{"type":"Point","coordinates":[-77.048141,38.905262]},"properties":{"active":false,"driverId":248,"type":"L"}},{"type":"Feature","geometry":{"type":"Point","coordinates":[-77.049781,38.888356]},"properties":{"active":false,"driverId":249,"type":"L"}},{"type":"Feature","geometry":{"type":"Point","coordinates":[-77.00861,38.887585]},"properties":{"active":false,"driverId":250,"type":"L"}},{"type":"Feature","geometry":{"type":"Point","coordinates":[-77.029704,38.940273]},"properties":{"active":false,"driverId":251,"type":"L"}},{"type":"Feature","geometry":{"type":"Point","coordinates":[-77.020904,38.893038]},"properties":{"active":false,"driverId":252,"type":"L"}},{"type":"Feature","geometry":{"type":"Point","coordinates":[-77.007142,38.896039]},"properties":{"active":false,"driverId":253,"type":"L"}},{"type":"Feature","geometry":{"type":"Point","coordinates":[-77.037432,38.925943]},"properties":{"active":false,"driverId":254,"type":"L"}},{"type":"Feature","geometry":{"type":"Point","coordinates":[-77.017291,38.917887]},"properties":{"active":false,"driverId":255,"type":"L"}},{"type":"Feature","geometry":{"type":"Point","coordinates":[-77.028854,38.902524]},"properties":{"active":false,"driverId":256,"type":"L"}},{"type":"Feature","geometry":{"type":"Point","coordinates":[-77.042725,38.899946]},"properties":{"active":false,"driverId":257,"type":"L"}},{"type":"Feature","geometry":{"type":"Point","coordinates":[-77.015958,38.887971]},"properties":{"active":false,"driverId":258,"type":"L"}},{"type":"Feature","geometry":{"type":"Point","coordinates":[-77.03387,38.925403]},"properties":{"active":false,"driverId":259,"type":"L"}},{"type":"Feature","geometry":{"type":"Point","coordinates":[-77.060673,38.905197]},"properties":{"active":false,"driverId":260,"type":"L"}},{"type":"Feature","geometry":{"type":"Point","coordinates":[-77.024969,38.897344]},"properties":{"active":false,"driverId":261,"type":"L"}},{"type":"Feature","geometry":{"type":"Point","coordinates":[-77.018926,38.909106]},"properties":{"active":false,"driverId":262,"type":"L"}},{"type":"Feature","geometry":{"type":"Point","coordinates":[-77.026265,38.901367]},"properties":{"active":false,"driverId":263,"type":"L"}},{"type":"Feature","geometry":{"type":"Point","coordinates":[-77.029987,38.900097]},"properties":{"active":false,"driverId":264,"type":"L"}},{"type":"Feature","geometry":{"type":"Point","coordinates":[-77.049476,38.900699]},"properties":{"active":false,"driverId":265,"type":"L"}},{"type":"Feature","geometry":{"type":"Point","coordinates":[-77.033254,38.909652]},"properties":{"active":false,"driverId":266,"type":"L"}},{"type":"Feature","geometry":{"type":"Point","coordinates":[-77.031561,38.954087]},"properties":{"active":false,"driverId":267,"type":"L"}},{"type":"Feature","geometry":{"type":"Point","coordinates":[-77.082129,38.912682]},"properties":{"active":false,"driverId":268,"type":"L"}},{"type":"Feature","geometry":{"type":"Point","coordinates":[-77.039667,38.903144]},"properties":{"active":false,"driverId":269,"type":"L"}},{"type":"Feature","geometry":{"type":"Point","coordinates":[-77.03945,38.899511]},"properties":{"active":false,"driverId":270,"type":"L"}},{"type":"Feature","geometry":{"type":"Point","coordinates":[-77.010123,38.897899]},"properties":{"active":false,"driverId":271,"type":"L"}},{"type":"Feature","geometry":{"type":"Point","coordinates":[-77.032729,38.939209]},"properties":{"active":false,"driverId":272,"type":"L"}},{"type":"Feature","geometry":{"type":"Point","coordinates":[-77.005061,38.892011]},"properties":{"active":false,"driverId":273,"type":"L"}},{"type":"Feature","geometry":{"type":"Point","coordinates":[-77.077916,38.921615]},"properties":{"active":false,"driverId":274,"type":"L"}},{"type":"Feature","geometry":{"type":"Point","coordinates":[-77.067843,38.905499]},"properties":{"active":false,"driverId":275,"type":"L"}},{"type":"Feature","geometry":{"type":"Point","coordinates":[-76.992086,38.884105]},"properties":{"active":false,"driverId":276,"type":"L"}},{"type":"Feature","geometry":{"type":"Point","coordinates":[-77.024996,38.901805]},"properties":{"active":false,"driverId":277,"type":"L"}},{"type":"Feature","geometry":{"type":"Point","coordinates":[-77.047716,38.909637]},"properties":{"active":false,"driverId":278,"type":"L"}},{"type":"Feature","geometry":{"type":"Point","coordinates":[-77.070022,38.955362]},"properties":{"active":false,"driverId":279,"type":"L"}},{"type":"Feature","geometry":{"type":"Point","coordinates":[-77.029987,38.900097]},"properties":{"active":false,"driverId":280,"type":"L"}},{"type":"Feature","geometry":{"type":"Point","coordinates":[-77.009064,38.903122]},"properties":{"active":false,"driverId":281,"type":"L"}},{"type":"Feature","geometry":{"type":"Point","coordinates":[-77.041683,38.906064]},"properties":{"active":false,"driverId":282,"type":"L"}},{"type":"Feature","geometry":{"type":"Point","coordinates":[-77.021917,38.895463]},"properties":{"active":false,"driverId":283,"type":"L"}},{"type":"Feature","geometry":{"type":"Point","coordinates":[-77.034565,38.907589]},"properties":{"active":false,"driverId":284,"type":"L"}},{"type":"Feature","geometry":{"type":"Point","coordinates":[-77.019374,38.920225]},"properties":{"active":false,"driverId":285,"type":"L"}},{"type":"Feature","geometry":{"type":"Point","coordinates":[-77.040856,38.905199]},"properties":{"active":false,"driverId":286,"type":"L"}},{"type":"Feature","geometry":{"type":"Point","coordinates":[-77.063241,38.907217]},"properties":{"active":false,"driverId":287,"type":"L"}},{"type":"Feature","geometry":{"type":"Point","coordinates":[-77.050132,38.900136]},"properties":{"active":false,"driverId":288,"type":"L"}},{"type":"Feature","geometry":{"type":"Point","coordinates":[-77.027562,38.897349]},"properties":{"active":false,"driverId":289,"type":"L"}},{"type":"Feature","geometry":{"type":"Point","coordinates":[-77.060131,38.903898]},"properties":{"active":false,"driverId":290,"type":"L"}},{"type":"Feature","geometry":{"type":"Point","coordinates":[-77.007038,38.892013]},"properties":{"active":false,"driverId":291,"type":"L"}},{"type":"Feature","geometry":{"type":"Point","coordinates":[-77.009058,38.896733]},"properties":{"active":false,"driverId":292,"type":"L"}},{"type":"Feature","geometry":{"type":"Point","coordinates":[-77.020906,38.894144]},"properties":{"active":false,"driverId":293,"type":"L"}},{"type":"Feature","geometry":{"type":"Point","coordinates":[-77.033644,38.900769]},"properties":{"active":false,"driverId":294,"type":"L"}},{"type":"Feature","geometry":{"type":"Point","coordinates":[-77.034581,38.918621]},"properties":{"active":false,"driverId":295,"type":"L"}},{"type":"Feature","geometry":{"type":"Point","coordinates":[-77.033242,38.916997]},"properties":{"active":false,"driverId":296,"type":"L"}},{"type":"Feature","geometry":{"type":"Point","coordinates":[-77.050112,38.903388]},"properties":{"active":false,"driverId":297,"type":"L"}},{"type":"Feature","geometry":{"type":"Point","coordinates":[-77.018215,38.879285]},"properties":{"active":false,"driverId":298,"type":"L"}},{"type":"Feature","geometry":{"type":"Point","coordinates":[-77.008388,38.897204]},"properties":{"active":false,"driverId":299,"type":"L"}},{"type":"Feature","geometry":{"type":"Point","coordinates":[-76.978993,38.901378]},"properties":{"active":false,"driverId":300,"type":"L"}},{"type":"Feature","geometry":{"type":"Point","coordinates":[-77.032734,38.932175]},"properties":{"active":false,"driverId":301,"type":"L"}},{"type":"Feature","geometry":{"type":"Point","coordinates":[-77.011189,38.895455]},"properties":{"active":false,"driverId":302,"type":"L"}},{"type":"Feature","geometry":{"type":"Point","coordinates":[-77.035829,38.935476]},"properties":{"active":false,"driverId":303,"type":"L"}},{"type":"Feature","geometry":{"type":"Point","coordinates":[-77.040581,38.899206]},"properties":{"active":false,"driverId":304,"type":"L"}},{"type":"Feature","geometry":{"type":"Point","coordinates":[-77.040581,38.899206]},"properties":{"active":false,"driverId":305,"type":"L"}},{"type":"Feature","geometry":{"type":"Point","coordinates":[-77.048813,38.90451]},"properties":{"active":false,"driverId":306,"type":"L"}},{"type":"Feature","geometry":{"type":"Point","coordinates":[-77.01991,38.900339]},"properties":{"active":false,"driverId":307,"type":"L"}},{"type":"Feature","geometry":{"type":"Point","coordinates":[-76.978188,38.884897]},"properties":{"active":false,"driverId":308,"type":"L"}},{"type":"Feature","geometry":{"type":"Point","coordinates":[-77.029987,38.900097]},"properties":{"active":false,"driverId":309,"type":"L"}},{"type":"Feature","geometry":{"type":"Point","coordinates":[-77.012156,38.895454]},"properties":{"active":false,"driverId":310,"type":"L"}},{"type":"Feature","geometry":{"type":"Point","coordinates":[-77.020908,38.879282]},"properties":{"active":false,"driverId":311,"type":"L"}},{"type":"Feature","geometry":{"type":"Point","coordinates":[-77.062822,38.905601]},"properties":{"active":false,"driverId":312,"type":"L"}},{"type":"Feature","geometry":{"type":"Point","coordinates":[-77.020906,38.901812]},"properties":{"active":false,"driverId":313,"type":"L"}},{"type":"Feature","geometry":{"type":"Point","coordinates":[-77.042586,38.898321]},"properties":{"active":false,"driverId":314,"type":"L"}},{"type":"Feature","geometry":{"type":"Point","coordinates":[-77.028082,38.899063]},"properties":{"active":false,"driverId":315,"type":"L"}},{"type":"Feature","geometry":{"type":"Point","coordinates":[-77.042975,38.920578]},"properties":{"active":false,"driverId":316,"type":"L"}},{"type":"Feature","geometry":{"type":"Point","coordinates":[-77.079438,38.925862]},"properties":{"active":false,"driverId":317,"type":"L"}},{"type":"Feature","geometry":{"type":"Point","coordinates":[-77.019902,38.909108]},"properties":{"active":false,"driverId":318,"type":"L"}},{"type":"Feature","geometry":{"type":"Point","coordinates":[-77.023986,38.901478]},"properties":{"active":false,"driverId":319,"type":"L"}},{"type":"Feature","geometry":{"type":"Point","coordinates":[-77.031865,38.920329]},"properties":{"active":false,"driverId":320,"type":"L"}},{"type":"Feature","geometry":{"type":"Point","coordinates":[-77.021917,38.897861]},"properties":{"active":false,"driverId":321,"type":"L"}},{"type":"Feature","geometry":{"type":"Point","coordinates":[-77.041828,38.906853]},"properties":{"active":false,"driverId":322,"type":"L"}},{"type":"Feature","geometry":{"type":"Point","coordinates":[-77.056905,38.900822]},"properties":{"active":false,"driverId":323,"type":"L"}},{"type":"Feature","geometry":{"type":"Point","coordinates":[-77.032789,38.89632]},"properties":{"active":false,"driverId":324,"type":"L"}},{"type":"Feature","geometry":{"type":"Point","coordinates":[-77.01618,38.896737]},"properties":{"active":false,"driverId":325,"type":"L"}},{"type":"Feature","geometry":{"type":"Point","coordinates":[-77.029626,38.896732]},"properties":{"active":false,"driverId":326,"type":"L"}},{"type":"Feature","geometry":{"type":"Point","coordinates":[-77.032733,38.934344]},"properties":{"active":false,"driverId":327,"type":"L"}},{"type":"Feature","geometry":{"type":"Point","coordinates":[-77.043453,38.9047]},"properties":{"active":false,"driverId":328,"type":"L"}},{"type":"Feature","geometry":{"type":"Point","coordinates":[-76.970141,38.925065]},"properties":{"active":false,"driverId":329,"type":"L"}},{"type":"Feature","geometry":{"type":"Point","coordinates":[-77.009048,38.954038]},"properties":{"active":false,"driverId":330,"type":"L"}},{"type":"Feature","geometry":{"type":"Point","coordinates":[-77.038496,38.907584]},"properties":{"active":false,"driverId":331,"type":"L"}},{"type":"Feature","geometry":{"type":"Point","coordinates":[-77.031967,38.896727]},"properties":{"active":false,"driverId":332,"type":"L"}},{"type":"Feature","geometry":{"type":"Point","coordinates":[-77.032793,38.902523]},"properties":{"active":false,"driverId":333,"type":"L"}},{"type":"Feature","geometry":{"type":"Point","coordinates":[-77.007142,38.896039]},"properties":{"active":false,"driverId":334,"type":"L"}},{"type":"Feature","geometry":{"type":"Point","coordinates":[-77.008388,38.897204]},"properties":{"active":false,"driverId":335,"type":"L"}},{"type":"Feature","geometry":{"type":"Point","coordinates":[-76.988311,38.894488]},"properties":{"active":false,"driverId":336,"type":"L"}},{"type":"Feature","geometry":{"type":"Point","coordinates":[-77.00592,38.89039]},"properties":{"active":false,"driverId":337,"type":"L"}},{"type":"Feature","geometry":{"type":"Point","coordinates":[-77.052487,38.925203]},"properties":{"active":false,"driverId":338,"type":"L"}},{"type":"Feature","geometry":{"type":"Point","coordinates":[-77.042725,38.899946]},"properties":{"active":false,"driverId":339,"type":"L"}},{"type":"Feature","geometry":{"type":"Point","coordinates":[-77.009048,38.954038]},"properties":{"active":false,"driverId":340,"type":"L"}},{"type":"Feature","geometry":{"type":"Point","coordinates":[-77.022943,38.893595]},"properties":{"active":false,"driverId":341,"type":"L"}},{"type":"Feature","geometry":{"type":"Point","coordinates":[-77.008388,38.897204]},"properties":{"active":false,"driverId":342,"type":"L"}},{"type":"Feature","geometry":{"type":"Point","coordinates":[-77.007476,38.902516]},"properties":{"active":false,"driverId":343,"type":"L"}},{"type":"Feature","geometry":{"type":"Point","coordinates":[-77.023966,38.899431]},"properties":{"active":false,"driverId":344,"type":"L"}},{"type":"Feature","geometry":{"type":"Point","coordinates":[-77.059609,38.902592]},"properties":{"active":false,"driverId":345,"type":"L"}},{"type":"Feature","geometry":{"type":"Point","coordinates":[-77.002766,38.921298]},"properties":{"active":false,"driverId":346,"type":"L"}},{"type":"Feature","geometry":{"type":"Point","coordinates":[-77.045787,38.897353]},"properties":{"active":false,"driverId":347,"type":"L"}},{"type":"Feature","geometry":{"type":"Point","coordinates":[-77.085288,38.959912]},"properties":{"active":false,"driverId":348,"type":"L"}},{"type":"Feature","geometry":{"type":"Point","coordinates":[-77.032732,38.932824]},"properties":{"active":false,"driverId":349,"type":"L"}},{"type":"Feature","geometry":{"type":"Point","coordinates":[-77.028864,38.895235]},"properties":{"active":false,"driverId":350,"type":"L"}},{"type":"Feature","geometry":{"type":"Point","coordinates":[-77.0385,38.906103]},"properties":{"active":false,"driverId":351,"type":"L"}},{"type":"Feature","geometry":{"type":"Point","coordinates":[-77.072878,38.930448]},"properties":{"active":false,"driverId":352,"type":"L"}},{"type":"Feature","geometry":{"type":"Point","coordinates":[-77.032789,38.89632]},"properties":{"active":false,"driverId":353,"type":"L"}},{"type":"Feature","geometry":{"type":"Point","coordinates":[-77.040606,38.893539]},"properties":{"active":false,"driverId":354,"type":"L"}},{"type":"Feature","geometry":{"type":"Point","coordinates":[-77.00638,38.901049]},"properties":{"active":false,"driverId":355,"type":"L"}},{"type":"Feature","geometry":{"type":"Point","coordinates":[-77.013912,38.931227]},"properties":{"active":false,"driverId":356,"type":"L"}},{"type":"Feature","geometry":{"type":"Point","coordinates":[-77.03387,38.925403]},"properties":{"active":false,"driverId":357,"type":"L"}},{"type":"Feature","geometry":{"type":"Point","coordinates":[-77.040573,38.901336]},"properties":{"active":false,"driverId":358,"type":"L"}},{"type":"Feature","geometry":{"type":"Point","coordinates":[-77.033421,38.90314]},"properties":{"active":false,"driverId":359,"type":"L"}},{"type":"Feature","geometry":{"type":"Point","coordinates":[-77.030786,38.917]},"properties":{"active":false,"driverId":360,"type":"L"}},{"type":"Feature","geometry":{"type":"Point","coordinates":[-77.00861,38.887585]},"properties":{"active":false,"driverId":361,"type":"L"}},{"type":"Feature","geometry":{"type":"Point","coordinates":[-77.039667,38.903144]},"properties":{"active":false,"driverId":362,"type":"L"}},{"type":"Feature","geometry":{"type":"Point","coordinates":[-77.033643,38.898548]},"properties":{"active":false,"driverId":363,"type":"L"}},{"type":"Feature","geometry":{"type":"Point","coordinates":[-77.011954,38.897574]},"properties":{"active":false,"driverId":364,"type":"L"}},{"type":"Feature","geometry":{"type":"Point","coordinates":[-77.039814,38.905654]},"properties":{"active":false,"driverId":365,"type":"L"}},{"type":"Feature","geometry":{"type":"Point","coordinates":[-77.04665,38.900135]},"properties":{"active":false,"driverId":366,"type":"L"}},{"type":"Feature","geometry":{"type":"Point","coordinates":[-77.01991,38.900339]},"properties":{"active":false,"driverId":367,"type":"L"}},{"type":"Feature","geometry":{"type":"Point","coordinates":[-77.042565,38.903743]},"properties":{"active":false,"driverId":368,"type":"L"}},{"type":"Feature","geometry":{"type":"Point","coordinates":[-77.032808,38.892082]},"properties":{"active":false,"driverId":369,"type":"L"}},{"type":"Feature","geometry":{"type":"Point","coordinates":[-77.049977,38.902526]},"properties":{"active":false,"driverId":370,"type":"L"}},{"type":"Feature","geometry":{"type":"Point","coordinates":[-76.999526,38.916873]},"properties":{"active":false,"driverId":371,"type":"L"}},{"type":"Feature","geometry":{"type":"Point","coordinates":[-77.038076,38.906703]},"properties":{"active":false,"driverId":372,"type":"L"}},{"type":"Feature","geometry":{"type":"Point","coordinates":[-77.040078,38.910388]},"properties":{"active":false,"driverId":373,"type":"L"}},{"type":"Feature","geometry":{"type":"Point","coordinates":[-77.045589,38.913345]},"properties":{"active":false,"driverId":374,"type":"L"}},{"type":"Feature","geometry":{"type":"Point","coordinates":[-77.06012,38.91267]},"properties":{"active":false,"driverId":375,"type":"L"}},{"type":"Feature","geometry":{"type":"Point","coordinates":[-77.061713,38.943154]},"properties":{"active":false,"driverId":376,"type":"L"}},{"type":"Feature","geometry":{"type":"Point","coordinates":[-77.042725,38.899946]},"properties":{"active":false,"driverId":377,"type":"L"}},{"type":"Feature","geometry":{"type":"Point","coordinates":[-77.007142,38.896039]},"properties":{"active":false,"driverId":378,"type":"L"}},{"type":"Feature","geometry":{"type":"Point","coordinates":[-77.019892,38.877436]},"properties":{"active":false,"driverId":379,"type":"L"}},{"type":"Feature","geometry":{"type":"Point","coordinates":[-77.024988,38.905646]},"properties":{"active":false,"driverId":380,"type":"L"}},{"type":"Feature","geometry":{"type":"Point","coordinates":[-77.052336,38.907243]},"properties":{"active":false,"driverId":381,"type":"L"}},{"type":"Feature","geometry":{"type":"Point","coordinates":[-77.027064,38.892083]},"properties":{"active":false,"driverId":382,"type":"L"}},{"type":"Feature","geometry":{"type":"Point","coordinates":[-77.018293,38.90252]},"properties":{"active":false,"driverId":383,"type":"L"}},{"type":"Feature","geometry":{"type":"Point","coordinates":[-77.041686,38.90685]},"properties":{"active":false,"driverId":384,"type":"L"}},{"type":"Feature","geometry":{"type":"Point","coordinates":[-77.008388,38.897204]},"properties":{"active":false,"driverId":385,"type":"L"}},{"type":"Feature","geometry":{"type":"Point","coordinates":[-77.02531,38.932878]},"properties":{"active":false,"driverId":386,"type":"L"}},{"type":"Feature","geometry":{"type":"Point","coordinates":[-77.00861,38.887585]},"properties":{"active":false,"driverId":387,"type":"L"}},{"type":"Feature","geometry":{"type":"Point","coordinates":[-76.930151,38.907206]},"properties":{"active":false,"driverId":388,"type":"L"}},{"type":"Feature","geometry":{"type":"Point","coordinates":[-76.988973,38.923508]},"properties":{"active":false,"driverId":389,"type":"L"}},{"type":"Feature","geometry":{"type":"Point","coordinates":[-77.045779,38.899575]},"properties":{"active":false,"driverId":390,"type":"L"}},{"type":"Feature","geometry":{"type":"Point","coordinates":[-77.017558,38.891353]},"properties":{"active":false,"driverId":391,"type":"L"}},{"type":"Feature","geometry":{"type":"Point","coordinates":[-77.08742,38.951041]},"properties":{"active":false,"driverId":392,"type":"L"}},{"type":"Feature","geometry":{"type":"Point","coordinates":[-77.025993,38.895288]},"properties":{"active":false,"driverId":393,"type":"L"}},{"type":"Feature","geometry":{"type":"Point","coordinates":[-77.044178,38.903742]},"properties":{"active":false,"driverId":394,"type":"L"}},{"type":"Feature","geometry":{"type":"Point","coordinates":[-77.042754,38.907243]},"properties":{"active":false,"driverId":395,"type":"L"}},{"type":"Feature","geometry":{"type":"Point","coordinates":[-77.030117,38.910043]},"properties":{"active":false,"driverId":396,"type":"L"}},{"type":"Feature","geometry":{"type":"Point","coordinates":[-77.021917,38.89913]},"properties":{"active":false,"driverId":397,"type":"L"}},{"type":"Feature","geometry":{"type":"Point","coordinates":[-77.032804,38.897347]},"properties":{"active":false,"driverId":398,"type":"L"}},{"type":"Feature","geometry":{"type":"Point","coordinates":[-77.013912,38.931227]},"properties":{"active":false,"driverId":399,"type":"L"}},{"type":"Feature","geometry":{"type":"Point","coordinates":[-77.039379,38.934179]},"properties":{"active":false,"driverId":400,"type":"L"}},{"type":"Feature","geometry":{"type":"Point","coordinates":[-77.030786,38.917]},"properties":{"active":false,"driverId":401,"type":"L"}},{"type":"Feature","geometry":{"type":"Point","coordinates":[-77.054339,38.923379]},"properties":{"active":false,"driverId":402,"type":"L"}},{"type":"Feature","geometry":{"type":"Point","coordinates":[-77.060624,38.902594]},"properties":{"active":false,"driverId":403,"type":"L"}},{"type":"Feature","geometry":{"type":"Point","coordinates":[-77.057578,38.905089]},"properties":{"active":false,"driverId":404,"type":"L"}},{"type":"Feature","geometry":{"type":"Point","coordinates":[-77.021917,38.89913]},"properties":{"active":false,"driverId":405,"type":"L"}},{"type":"Feature","geometry":{"type":"Point","coordinates":[-77.021917,38.89913]},"properties":{"active":false,"driverId":406,"type":"L"}},{"type":"Feature","geometry":{"type":"Point","coordinates":[-77.008388,38.897204]},"properties":{"active":false,"driverId":407,"type":"L"}},{"type":"Feature","geometry":{"type":"Point","coordinates":[-77.010609,38.887591]},"properties":{"active":false,"driverId":408,"type":"L"}},{"type":"Feature","geometry":{"type":"Point","coordinates":[-77.040078,38.910388]},"properties":{"active":false,"driverId":409,"type":"L"}},{"type":"Feature","geometry":{"type":"Point","coordinates":[-77.013409,38.892086]},"properties":{"active":false,"driverId":410,"type":"L"}},{"type":"Feature","geometry":{"type":"Point","coordinates":[-77.021914,38.909108]},"properties":{"active":false,"driverId":411,"type":"L"}},{"type":"Feature","geometry":{"type":"Point","coordinates":[-77.046657,38.898949]},"properties":{"active":false,"driverId":412,"type":"L"}},{"type":"Feature","geometry":{"type":"Point","coordinates":[-77.049169,38.902213]},"properties":{"active":false,"driverId":413,"type":"L"}},{"type":"Feature","geometry":{"type":"Point","coordinates":[-77.040574,38.900213]},"properties":{"active":false,"driverId":414,"type":"L"}},{"type":"Feature","geometry":{"type":"Point","coordinates":[-77.010609,38.887591]},"properties":{"active":false,"driverId":415,"type":"L"}},{"type":"Feature","geometry":{"type":"Point","coordinates":[-77.05236,38.903307]},"properties":{"active":false,"driverId":416,"type":"L"}},{"type":"Feature","geometry":{"type":"Point","coordinates":[-77.011189,38.895455]},"properties":{"active":false,"driverId":417,"type":"L"}},{"type":"Feature","geometry":{"type":"Point","coordinates":[-77.039614,38.913724]},"properties":{"active":false,"driverId":418,"type":"L"}},{"type":"Feature","geometry":{"type":"Point","coordinates":[-77.044904,38.900142]},"properties":{"active":false,"driverId":419,"type":"L"}},{"type":"Feature","geometry":{"type":"Point","coordinates":[-77.047765,38.903742]},"properties":{"active":false,"driverId":420,"type":"L"}},{"type":"Feature","geometry":{"type":"Point","coordinates":[-77.033254,38.909652]},"properties":{"active":false,"driverId":421,"type":"L"}},{"type":"Feature","geometry":{"type":"Point","coordinates":[-77.00555,38.946218]},"properties":{"active":false,"driverId":422,"type":"L"}},{"type":"Feature","geometry":{"type":"Point","coordinates":[-77.040574,38.900213]},"properties":{"active":false,"driverId":423,"type":"L"}},{"type":"Feature","geometry":{"type":"Point","coordinates":[-77.041357,38.906062]},"properties":{"active":false,"driverId":424,"type":"L"}},{"type":"Feature","geometry":{"type":"Point","coordinates":[-77.065344,38.947314]},"properties":{"active":false,"driverId":425,"type":"L"}},{"type":"Feature","geometry":{"type":"Point","coordinates":[-77.041378,38.926503]},"properties":{"active":false,"driverId":426,"type":"L"}},{"type":"Feature","geometry":{"type":"Point","coordinates":[-77.029987,38.900097]},"properties":{"active":false,"driverId":427,"type":"L"}},{"type":"Feature","geometry":{"type":"Point","coordinates":[-77.047744,38.901699]},"properties":{"active":false,"driverId":428,"type":"L"}},{"type":"Feature","geometry":{"type":"Point","coordinates":[-77.038333,38.927155]},"properties":{"active":false,"driverId":429,"type":"L"}},{"type":"Feature","geometry":{"type":"Point","coordinates":[-77.00835,38.896386]},"properties":{"active":false,"driverId":430,"type":"L"}},{"type":"Feature","geometry":{"type":"Point","coordinates":[-77.054368,38.897982]},"properties":{"active":false,"driverId":431,"type":"L"}},{"type":"Feature","geometry":{"type":"Point","coordinates":[-77.018929,38.896732]},"properties":{"active":false,"driverId":432,"type":"L"}},{"type":"Feature","geometry":{"type":"Point","coordinates":[-77.020904,38.893038]},"properties":{"active":false,"driverId":433,"type":"L"}},{"type":"Feature","geometry":{"type":"Point","coordinates":[-77.011954,38.897574]},"properties":{"active":false,"driverId":434,"type":"L"}},{"type":"Feature","geometry":{"type":"Point","coordinates":[-77.031951,38.916643]},"properties":{"active":false,"driverId":435,"type":"L"}},{"type":"Feature","geometry":{"type":"Point","coordinates":[-77.064482,38.977384]},"properties":{"active":false,"driverId":436,"type":"L"}},{"type":"Feature","geometry":{"type":"Point","coordinates":[-77.049961,38.903049]},"properties":{"active":false,"driverId":437,"type":"L"}},{"type":"Feature","geometry":{"type":"Point","coordinates":[-77.00589,38.884273]},"properties":{"active":false,"driverId":438,"type":"L"}},{"type":"Feature","geometry":{"type":"Point","coordinates":[-77.033645,38.89783]},"properties":{"active":false,"driverId":439,"type":"L"}},{"type":"Feature","geometry":{"type":"Point","coordinates":[-77.041298,38.921617]},"properties":{"active":false,"driverId":440,"type":"L"}},{"type":"Feature","geometry":{"type":"Point","coordinates":[-77.047737,38.900695]},"properties":{"active":false,"driverId":441,"type":"L"}},{"type":"Feature","geometry":{"type":"Point","coordinates":[-77.020374,38.939872]},"properties":{"active":false,"driverId":442,"type":"L"}},{"type":"Feature","geometry":{"type":"Point","coordinates":[-77.003107,38.952536]},"properties":{"active":false,"driverId":443,"type":"L"}},{"type":"Feature","geometry":{"type":"Point","coordinates":[-77.030196,38.895506]},"properties":{"active":false,"driverId":444,"type":"L"}},{"type":"Feature","geometry":{"type":"Point","coordinates":[-77.006329,38.895895]},"properties":{"active":false,"driverId":445,"type":"L"}},{"type":"Feature","geometry":{"type":"Point","coordinates":[-77.042565,38.903743]},"properties":{"active":false,"driverId":446,"type":"L"}},{"type":"Feature","geometry":{"type":"Point","coordinates":[-77.045773,38.902524]},"properties":{"active":false,"driverId":447,"type":"L"}},{"type":"Feature","geometry":{"type":"Point","coordinates":[-77.019328,38.887568]},"properties":{"active":false,"driverId":448,"type":"L"}},{"type":"Feature","geometry":{"type":"Point","coordinates":[-77.039667,38.903144]},"properties":{"active":false,"driverId":449,"type":"L"}},{"type":"Feature","geometry":{"type":"Point","coordinates":[-77.043607,38.909927]},"properties":{"active":false,"driverId":450,"type":"L"}},{"type":"Feature","geometry":{"type":"Point","coordinates":[-77.073175,38.923265]},"properties":{"active":false,"driverId":451,"type":"L"}},{"type":"Feature","geometry":{"type":"Point","coordinates":[-77.062794,38.904579]},"properties":{"active":false,"driverId":452,"type":"L"}},{"type":"Feature","geometry":{"type":"Point","coordinates":[-77.019738,38.890569]},"properties":{"active":false,"driverId":453,"type":"L"}},{"type":"Feature","geometry":{"type":"Point","coordinates":[-77.009098,38.876526]},"properties":{"active":false,"driverId":454,"type":"L"}},{"type":"Feature","geometry":{"type":"Point","coordinates":[-77.030791,38.902521]},"properties":{"active":false,"driverId":455,"type":"L"}},{"type":"Feature","geometry":{"type":"Point","coordinates":[-77.048813,38.918919]},"properties":{"active":false,"driverId":456,"type":"L"}},{"type":"Feature","geometry":{"type":"Point","coordinates":[-77.007038,38.892013]},"properties":{"active":false,"driverId":457,"type":"L"}},{"type":"Feature","geometry":{"type":"Point","coordinates":[-77.047722,38.907243]},"properties":{"active":false,"driverId":458,"type":"L"}},{"type":"Feature","geometry":{"type":"Point","coordinates":[-77.010609,38.887591]},"properties":{"active":false,"driverId":459,"type":"L"}},{"type":"Feature","geometry":{"type":"Point","coordinates":[-77.007369,38.871368]},"properties":{"active":false,"driverId":460,"type":"L"}},{"type":"Feature","geometry":{"type":"Point","coordinates":[-77.043453,38.9047]},"properties":{"active":false,"driverId":461,"type":"L"}},{"type":"Feature","geometry":{"type":"Point","coordinates":[-77.030793,38.901332]},"properties":{"active":false,"driverId":462,"type":"L"}},{"type":"Feature","geometry":{"type":"Point","coordinates":[-77.048813,38.90451]},"properties":{"active":false,"driverId":463,"type":"L"}},{"type":"Feature","geometry":{"type":"Point","coordinates":[-77.02756,38.911124]},"properties":{"active":false,"driverId":464,"type":"L"}},{"type":"Feature","geometry":{"type":"Point","coordinates":[-77.010123,38.897899]},"properties":{"active":false,"driverId":465,"type":"L"}},{"type":"Feature","geometry":{"type":"Point","coordinates":[-76.997316,38.885134]},"properties":{"active":false,"driverId":466,"type":"L"}},{"type":"Feature","geometry":{"type":"Point","coordinates":[-77.06464,38.94611]},"properties":{"active":false,"driverId":467,"type":"L"}},{"type":"Feature","geometry":{"type":"Point","coordinates":[-77.016407,38.87646]},"properties":{"active":false,"driverId":468,"type":"L"}},{"type":"Feature","geometry":{"type":"Point","coordinates":[-77.010609,38.887591]},"properties":{"active":false,"driverId":469,"type":"L"}},{"type":"Feature","geometry":{"type":"Point","coordinates":[-77.040842,38.903743]},"properties":{"active":false,"driverId":470,"type":"L"}},{"type":"Feature","geometry":{"type":"Point","coordinates":[-77.005893,38.885552]},"properties":{"active":false,"driverId":471,"type":"L"}},{"type":"Feature","geometry":{"type":"Point","coordinates":[-77.05331,38.901613]},"properties":{"active":false,"driverId":472,"type":"L"}},{"type":"Feature","geometry":{"type":"Point","coordinates":[-77.04166,38.914463]},"properties":{"active":false,"driverId":473,"type":"L"}},{"type":"Feature","geometry":{"type":"Point","coordinates":[-77.020912,38.899812]},"properties":{"active":false,"driverId":474,"type":"L"}},{"type":"Feature","geometry":{"type":"Point","coordinates":[-76.996191,38.886713]},"properties":{"active":false,"driverId":475,"type":"L"}},{"type":"Feature","geometry":{"type":"Point","coordinates":[-77.036475,38.928926]},"properties":{"active":false,"driverId":476,"type":"L"}},{"type":"Feature","geometry":{"type":"Point","coordinates":[-77.028086,38.895575]},"properties":{"active":false,"driverId":477,"type":"L"}},{"type":"Feature","geometry":{"type":"Point","coordinates":[-77.045755,38.911867]},"properties":{"active":false,"driverId":478,"type":"L"}},{"type":"Feature","geometry":{"type":"Point","coordinates":[-77.044915,38.896674]},"properties":{"active":false,"driverId":479,"type":"L"}},{"type":"Feature","geometry":{"type":"Point","coordinates":[-77.025018,38.90324]},"properties":{"active":false,"driverId":480,"type":"L"}},{"type":"Feature","geometry":{"type":"Point","coordinates":[-77.034569,38.906102]},"properties":{"active":false,"driverId":481,"type":"L"}},{"type":"Feature","geometry":{"type":"Point","coordinates":[-77.046988,38.917253]},"properties":{"active":false,"driverId":482,"type":"L"}},{"type":"Feature","geometry":{"type":"Point","coordinates":[-76.978128,38.894039]},"properties":{"active":false,"driverId":483,"type":"L"}},{"type":"Feature","geometry":{"type":"Point","coordinates":[-77.063996,38.905151]},"properties":{"active":false,"driverId":484,"type":"L"}},{"type":"Feature","geometry":{"type":"Point","coordinates":[-77.018291,38.901324]},"properties":{"active":false,"driverId":485,"type":"L"}},{"type":"Feature","geometry":{"type":"Point","coordinates":[-77.030791,38.897346]},"properties":{"active":false,"driverId":486,"type":"L"}},{"type":"Feature","geometry":{"type":"Point","coordinates":[-76.994962,38.895107]},"properties":{"active":false,"driverId":487,"type":"L"}},{"type":"Feature","geometry":{"type":"Point","coordinates":[-77.008635,38.892054]},"properties":{"active":false,"driverId":488,"type":"L"}},{"type":"Feature","geometry":{"type":"Point","coordinates":[-77.044903,38.904699]},"properties":{"active":false,"driverId":489,"type":"L"}},{"type":"Feature","geometry":{"type":"Point","coordinates":[-77.019734,38.888768]},"properties":{"active":false,"driverId":490,"type":"L"}},{"type":"Feature","geometry":{"type":"Point","coordinates":[-77.006329,38.895895]},"properties":{"active":false,"driverId":491,"type":"L"}},{"type":"Feature","geometry":{"type":"Point","coordinates":[-77.023966,38.907909]},"properties":{"active":false,"driverId":492,"type":"L"}},{"type":"Feature","geometry":{"type":"Point","coordinates":[-77.052071,38.909646]},"properties":{"active":false,"driverId":493,"type":"L"}},{"type":"Feature","geometry":{"type":"Point","coordinates":[-77.007378,38.964715]},"properties":{"active":false,"driverId":494,"type":"L"}},{"type":"Feature","geometry":{"type":"Point","coordinates":[-77.013912,38.931227]},"properties":{"active":false,"driverId":495,"type":"L"}},{"type":"Feature","geometry":{"type":"Point","coordinates":[-76.93355,38.889762]},"properties":{"active":false,"driverId":496,"type":"L"}},{"type":"Feature","geometry":{"type":"Point","coordinates":[-77.029622,38.899061]},"properties":{"active":false,"driverId":497,"type":"L"}},{"type":"Feature","geometry":{"type":"Point","coordinates":[-77.01256,38.88909]},"properties":{"active":false,"driverId":498,"type":"L"}},{"type":"Feature","geometry":{"type":"Point","coordinates":[-77.031392,38.906605]},"properties":{"active":false,"driverId":499,"type":"L"}},{"type":"Feature","geometry":{"type":"Point","coordinates":[-77.008388,38.897204]},"properties":{"active":false,"driverId":500,"type":"L"}}]}