{"type":"FeatureCollection","features":[{"type":"Feature","geometry":{"type":"Point","coordinates":[-77.03557,38.901355]},"properties":{"assigned":false,"riderId":28694766,"type":"+"}},{"type":"Feature","geometry":{"type":"Point","coordinates":[-77.024986,38.906846]},"properties":{"assigned":false,"tripId":28694766,"type":"-"}},{"type":"Feature","geometry":{"type":"LineString","coordinates":[[-77.03557,38.901355],[-77.024986,38.906846]]},"properties":{"assigned":false,"tripId":28694766}},{"type":"Feature","geometry":{"type":"Point","coordinates":[-77.002777,38.893581]},"properties":{"assigned":false,"riderId":31059198,"type":"+"}},{"type":"Feature","geometry":{"type":"Point","coordinates":[-76.98639,38.886461]},"properties":{"assigned":false,"tripId":31059198,"type":"-"}},{"type":"Feature","geometry":{"type":"LineString","coordinates":[[-77.002777,38.893581],[-76.98639,38.886461]]},"properties":{"assigned":false,"tripId":31059198}},{"type":"Feature","geometry":{"type":"Point","coordinates":[-77.03273,38.929517]},"properties":{"assigned":false,"riderId":29356762,"type":"+"}},{"type":"Feature","geometry":{"type":"Point","coordinates":[-77.009306,38.907261]},"properties":{"assigned":false,"tripId":29356762,"type":"-"}},{"type":"Feature","geometry":{"type":"LineString","coordinates":[[-77.03273,38.929517],[-77.009306,38.907261]]},"properties":{"assigned":false,"tripId":29356762}},{"type":"Feature","geometry":{"type":"Point","coordinates":[-77.013912,38.931227]},"properties":{"assigned":false,"riderId":29997992,"type":"+"}},{"type":"Feature","geometry":{"type":"Point","coordinates":[-77.027425,38.968082]},"properties":{"assigned":false,"tripId":29997992,"type":"-"}},{"type":"Feature","geometry":{"type":"LineString","coordinates":[[-77.013912,38.931227],[-77.027425,38.968082]]},"properties":{"assigned":false,"tripId":29997992}},{"type":"Feature","geometry":{"type":"Point","coordinates":[-77.050758,38.905261]},"properties":{"assigned":false,"riderId":31235118,"type":"+"}},{"type":"Feature","geometry":{"type":"Point","coordinates":[-77.043448,38.906056]},"properties":{"assigned":false,"tripId":31235118,"type":"-"}},{"type":"Feature","geometry":{"type":"LineString","coordinates":[[-77.050758,38.905261],[-77.043448,38.906056]]},"properties":{"assigned":false,"tripId":31235118}},{"type":"Feature","geometry":{"type":"Point","coordinates":[-77.042514,38.910635]},"properties":{"assigned":false,"riderId":31101426,"type":"+"}},{"type":"Feature","geometry":{"type":"Point","coordinates":[-77.051748,38.912947]},"properties":{"assigned":false,"tripId":31101426,"type":"-"}},{"type":"Feature","geometry":{"type":"LineString","coordinates":[[-77.042514,38.910635],[-77.051748,38.912947]]},"properties":{"assigned":false,"tripId":31101426}},{"type":"Feature","geometry":{"type":"Point","coordinates":[-77.029987,38.900097]},"properties":{"assigned":false,"riderId":29153016,"type":"+"}},{"type":"Feature","geometry":{"type":"Point","coordinates":[-77.04008,38.92969]},"properties":{"assigned":false,"tripId":29153016,"type":"-"}},{"type":"Feature","geometry":{"type":"LineString","coordinates":[[-77.029987,38.900097],[-77.04008,38.92969]]},"properties":{"assigned":false,"tripId":29153016}},{"type":"Feature","geometry":{"type":"Point","coordinates":[-77.040299,38.904238]},"properties":{"assigned":false,"riderId":28564884,"type":"+"}},{"type":"Feature","geometry":{"type":"Point","coordinates":[-77.062794,38.904579]},"properties":{"assigned":false,"tripId":28564884,"type":"-"}},{"type":"Feature","geometry":{"type":"LineString","coordinates":[[-77.040299,38.904238],[-77.062794,38.904579]]},"properties":{"assigned":false,"tripId":28564884}},{"type":"Feature","geometry":{"type":"Point","coordinates":[-77.045776,38.901011]},"properties":{"assigned":false,"riderId":31485399,"type":"+"}},{"type":"Feature","geometry":{"type":"Point","coordinates":[-77.037523,38.914833]},"properties":{"assigned":false,"tripId":31485399,"type":"-"}},{"type":"Feature","geometry":{"type":"LineString","coordinates":[[-77.045776,38.901011],[-77.037523,38.914833]]},"properties":{"assigned":false,"tripId":31485399}},{"type":"Feature","geometry":{"type":"Point","coordinates":[-77.042725,38.899946]},"properties":{"assigned":false,"riderId":28734895,"type":"+"}},{"type":"Feature","geometry":{"type":"Point","coordinates":[-77.053295,38.904447]},"properties":{"assigned":false,"tripId":28734895,"type":"-"}},{"type":"Feature","geometry":{"type":"LineString","coordinates":[[-77.042725,38.899946],[-77.053295,38.904447]]},"properties":{"assigned":false,"tripId":28734895}},{"type":"Feature","geometry":{"type":"Point","coordinates":[-77.053295,38.904447]},"properties":{"assigned":false,"riderId":28733228,"type":"+"}},{"type":"Feature","geometry":{"type":"Point","coordinates":[-77.020912,38.899812]},"properties":{"assigned":false,"tripId":28733228,"type":"-"}},{"type":"Feature","geometry":{"type":"LineString","coordinates":[[-77.053295,38.904447],[-77.020912,38.899812]]},"properties":{"assigned":false,"tripId":28733228}},{"type":"Feature","geometry":{"type":"Point","coordinates":[-77.068517,38.910709]},"properties":{"assigned":false,"riderId":28541770,"type":"+"}},{"type":"Feature","geometry":{"type":"Point","coordinates":[-77.025986,38.904908]},"properties":{"assigned":false,"tripId":28541770,"type":"-"}},{"type":"Feature","geometry":{"type":"LineString","coordinates":[[-77.068517,38.910709],[-77.025986,38.904908]]},"properties":{"assigned":false,"tripId":28541770}},{"type":"Feature","geometry":{"type":"Point","coordinates":[-77.04165,38.917403]},"properties":{"assigned":false,"riderId":29195545,"type":"+"}},{"type":"Feature","geometry":{"type":"Point","coordinates":[-76.997305,38.900203]},"properties":{"assigned":false,"tripId":29195545,"type":"-"}},{"type":"Feature","geometry":{"type":"LineString","coordinates":[[-77.04165,38.917403],[-76.997305,38.900203]]},"properties":{"assigned":false,"tripId":29195545}},{"type":"Feature","geometry":{"type":"Point","coordinates":[-77.044903,38.904699]},"properties":{"assigned":false,"riderId":30373592,"type":"+"}},{"type":"Feature","geometry":{"type":"Point","coordinates":[-77.023456,38.908574]},"properties":{"assigned":false,"tripId":30373592,"type":"-"}},{"type":"Feature","geometry":{"type":"LineString","coordinates":[[-77.044903,38.904699],[-77.023456,38.908574]]},"properties":{"assigned":false,"tripId":30373592}},{"type":"Feature","geometry":{"type":"Point","coordinates":[-77.058638,38.905226]},"properties":{"assigned":false,"riderId":30715207,"type":"+"}},{"type":"Feature","geometry":{"type":"Point","coordinates":[-77.042725,38.899946]},"properties":{"assigned":false,"tripId":30715207,"type":"-"}},{"type":"Feature","geometry":{"type":"LineString","coordinates":[[-77.058638,38.905226],[-77.042725,38.899946]]},"properties":{"assigned":false,"tripId":30715207}},{"type":"Feature","geometry":{"type":"Point","coordinates":[-77.043607,38.909927]},"properties":{"assigned":false,"riderId":27900337,"type":"+"}},{"type":"Feature","geometry":{"type":"Point","coordinates":[-77.033242,38.916997]},"properties":{"assigned":false,"tripId":27900337,"type":"-"}},{"type":"Feature","geometry":{"type":"LineString","coordinates":[[-77.043607,38.909927],[-77.033242,38.916997]]},"properties":{"assigned":false,"tripId":27900337}},{"type":"Feature","geometry":{"type":"Point","coordinates":[-77.031959,38.897833]},"properties":{"assigned":false,"riderId":28742854,"type":"+"}},{"type":"Feature","geometry":{"type":"Point","coordinates":[-77.013634,38.892752]},"properties":{"assigned":false,"tripId":28742854,"type":"-"}},{"type":"Feature","geometry":{"type":"LineString","coordinates":[[-77.031959,38.897833],[-77.013634,38.892752]]},"properties":{"assigned":false,"tripId":28742854}},{"type":"Feature","geometry":{"type":"Point","coordinates":[-77.04069422971332,38.904821552253665]},"properties":{"active":true,"driverId":1,"type":"L"}},{"type":"Feature","geometry":{"type":"Point","coordinates":[-77.030631,38.907903]},"properties":{"assigned":true,"driverId":1,"riderId":31471922,"type":"-"}},{"type":"Feature","geometry":{"type":"LineString","coordinates":[[-77.04069422971332,38.904821552253665],[-77.041059,38.905697],[-77.036777,38.907038],[-77.036129,38.907239],[-77.030189,38.909313],[-77.029991,38.909173],[-77.030633,38.907904],[-77.030631,38.907903]]},"properties":{"driverId":1}},{"type":"Feature","geometry":{"type":"Point","coordinates":[-77.022954,38.896671]},"properties":{"active":false,"driverId":2,"type":"L"}},{"type":"Feature","geometry":{"type":"Point","coordinates":[-77.041357,38.906062]},"properties":{"active":false,"driverId":3,"type":"L"}},{"type":"Feature","geometry":{"type":"Point","coordinates":[-77.038076,38.906703]},"properties":{"active":false,"driverId":4,"type":"L"}},{"type":"Feature","geometry":{"type":"Point","coordinates":[-77.055491,38.930368]},"properties":{"active":false,"driverId":5,"type":"L"}},{"type":"Feature","geometry":{"type":"Point","coordinates":[-77.05331,38.901613]},"properties":{"active":false,"driverId":6,"type":"L"}},{"type":"Feature","geometry":{"type":"Point","coordinates":[-77.03841716733204,38.901333784803775]},"properties":{"active":true,"driverId":7,"type":"L"}},{"type":"Feature","geometry":{"type":"Point","coordinates":[-77.061961,38.903422]},"properties":{"assigned":true,"driverId":7,"riderId":29745545,"type":"-"}},{"type":"Feature","geometry":{"type":"LineString","coordinates":[[-77.03841716733204,38.901333784803775],[-77.044905,38.901332],[-77.044903,38.902527],[-77.055821,38.902584],[-77.062751,38.902566],[-77.062769,38.903416],[-77.061961,38.903428],[-77.061961,38.903422]]},"properties":{"driverId":7}},{"type":"Feature","geometry":{"type":"Point","coordinates":[-77.04882474650994,38.90394639848832]},"properties":{"active":true,"driverId":8,"type":"L"}},{"type":"Feature","geometry":{"type":"Point","coordinates":[-77.049476,38.900699]},"properties":{"assigned":true,"driverId":8,"riderId":31085537,"type":"-"}},{"type":"Feature","geometry":{"type":"LineString","coordinates":[[-77.04882474650994,38.90394639848832],[-77.049784,38.903003],[-77.05013,38.902015],[-77.050128,38.900701],[-77.049476,38.900697],[-77.049476,38.900699]]},"properties":{"driverId":8}},{"type":"Feature","geometry":{"type":"Point","coordinates":[-77.033693,38.886168]},"properties":{"active":false,"driverId":9,"type":"L"}},{"type":"Feature","geometry":{"type":"Point","coordinates":[-77.039447,38.900774]},"properties":{"active":false,"driverId":10,"type":"L"}},{"type":"Feature","geometry":{"type":"Point","coordinates":[-77.022931,38.892078]},"properties":{"active":false,"driverId":11,"type":"L"}},{"type":"Feature","geometry":{"type":"Point","coordinates":[-77.040078,38.910388]},"properties":{"active":false,"driverId":12,"type":"L"}},{"type":"Feature","geometry":{"type":"Point","coordinates":[-77.045773,38.902524]},"properties":{"active":false,"driverId":13,"type":"L"}},{"type":"Feature","geometry":{"type":"Point","coordinates":[-77.03248367163995,38.937608684360804]},"properties":{"active":true,"driverId":14,"type":"L"}},{"type":"Feature","geometry":{"type":"Point","coordinates":[-77.03273,38.936671]},"properties":{"assigned":true,"driverId":14,"riderId":28635489,"type":"+"}},{"type":"Feature","geometry":{"type":"Point","coordinates":[-77.028082,38.899063]},"properties":{"assigned":true,"driverId":14,"riderId":28635489,"type":"-"}},{"type":"Feature","geometry":{"type":"LineString","coordinates":[[-77.03248367163995,38.937608684360804],[-77.032722,38.937609],[-77.032721,38.936671],[-77.03273,38.936671],[-77.03273,38.936671],[-77.032721,38.936671],[-77.032135,38.905977],[-77.031686,38.905376],[-77.029862,38.904892],[-77.027032,38.903961],[-77.027043,38.898324],[-77.028084,38.898321],[-77.028084,38.899063],[-77.028082,38.899063]]},"properties":{"driverId":14}},{"type":"Feature","geometry":{"type":"Point","coordinates":[-77.043452,38.921705]},"properties":{"active":false,"driverId":15,"type":"L"}},{"type":"Feature","geometry":{"type":"Point","coordinates":[-77.010466,38.897337]},"properties":{"active":false,"driverId":16,"type":"L"}},{"type":"Feature","geometry":{"type":"Point","coordinates":[-77.047508,38.906533]},"properties":{"active":false,"driverId":17,"type":"L"}},{"type":"Feature","geometry":{"type":"Point","coordinates":[-77.022428,38.909645]},"properties":{"active":false,"driverId":18,"type":"L"}},{"type":"Feature","geometry":{"type":"Point","coordinates":[-77.014492,38.887564]},"properties":{"active":false,"driverId":19,"type":"L"}},{"type":"Feature","geometry":{"type":"Point","coordinates":[-77.04418,38.900455]},"properties":{"active":false,"driverId":20,"type":"L"}},{"type":"Feature","geometry":{"type":"Point","coordinates":[-77.0496978364335,38.89351277602133]},"properties":{"active":true,"driverId":21,"type":"L"}},{"type":"Feature","geometry":{"type":"Point","coordinates":[-77.044885,38.910634]},"properties":{"assigned":true,"driverId":21,"riderId":27522858,"type":"-"}},{"type":"Feature","geometry":{"type":"LineString","coordinates":[[-77.0496978364335,38.89351277602133],[-77.04989,38.893525],[-77.050135,38.893525],[-77.05013,38.902015],[-77.049627,38.902908],[-77.0449,38.908073],[-77.044873,38.910634],[-77.044885,38.910634]]},"properties":{"driverId":21}},{"type":"Feature","geometry":{"type":"Point","coordinates":[-77.037517,38.90565]},"properties":{"active":false,"driverId":22,"type":"L"}},{"type":"Feature","geometry":{"type":"Point","coordinates":[-77.045287,38.907244]},"properties":{"active":false,"driverId":23,"type":"L"}},{"type":"Feature","geometry":{"type":"Point","coordinates":[-77.019902,38.910382]},"properties":{"active":false,"driverId":24,"type":"L"}},{"type":"Feature","geometry":{"type":"Point","coordinates":[-77.010609,38.887591]},"properties":{"active":false,"driverId":25,"type":"L"}},{"type":"Feature","geometry":{"type":"Point","coordinates":[-77.034573,38.904692]},"properties":{"active":false,"driverId":26,"type":"L"}},{"type":"Feature","geometry":{"type":"Point","coordinates":[-77.046821,38.906042]},"properties":{"active":false,"driverId":27,"type":"L"}},{"type":"Feature","geometry":{"type":"Point","coordinates":[-77.019242,38.892576]},"properties":{"active":false,"driverId":28,"type":"L"}},{"type":"Feature","geometry":{"type":"Point","coordinates":[-77.042514,38.910635]},"properties":{"active":false,"driverId":29,"type":"L"}},{"type":"Feature","geometry":{"type":"Point","coordinates":[-77.054339,38.923379]},"properties":{"active":false,"driverId":30,"type":"L"}},{"type":"Feature","geometry":{"type":"Point","coordinates":[-77.013912,38.931227]},"properties":{"active":false,"driverId":31,"type":"L"}},{"type":"Feature","geometry":{"type":"Point","coordinates":[-77.00131,38.886769]},"properties":{"active":false,"driverId":32,"type":"L"}},{"type":"Feature","geometry":{"type":"Point","coordinates":[-77.023967,38.91628]},"properties":{"active":false,"driverId":33,"type":"L"}},{"type":"Feature","geometry":{"type":"Point","coordinates":[-77.05236,38.903307]},"properties":{"active":false,"driverId":34,"type":"L"}},{"type":"Feature","geometry":{"type":"Point","coordinates":[-77.040078,38.910388]},"properties":{"active":false,"driverId":35,"type":"L"}},{"type":"Feature","geometry":{"type":"Point","coordinates":[-77.050104,38.906255]},"properties":{"active":false,"driverId":36,"type":"L"}},{"type":"Feature","geometry":{"type":"Point","coordinates":[-77.038485,38.911497]},"properties":{"active":false,"driverId":37,"type":"L"}},{"type":"Feature","geometry":{"type":"Point","coordinates":[-77.039809,38.906102]},"properties":{"active":false,"driverId":38,"type":"L"}},{"type":"Feature","geometry":{"type":"Point","coordinates":[-77.022931,38.892078]},"properties":{"active":false,"driverId":39,"type":"L"}},{"type":"Feature","geometry":{"type":"Point","coordinates":[-77.049169,38.902213]},"properties":{"active":false,"driverId":40,"type":"L"}},{"type":"Feature","geometry":{"type":"Point","coordinates":[-77.048141,38.905262]},"properties":{"active":false,"driverId":41,"type":"L"}},{"type":"Feature","geometry":{"type":"Point","coordinates":[-76.993075,38.903723]},"properties":{"active":false,"driverId":42,"type":"L"}},{"type":"Feature","geometry":{"type":"Point","coordinates":[-77.040077,38.911127]},"properties":{"active":false,"driverId":43,"type":"L"}},{"type":"Feature","geometry":{"type":"Point","coordinates":[-77.001308,38.887598]},"properties":{"active":false,"driverId":44,"type":"L"}},{"type":"Feature","geometry":{"type":"Point","coordinates":[-77.035558,38.903739]},"properties":{"active":false,"driverId":45,"type":"L"}},{"type":"Feature","geometry":{"type":"Point","coordinates":[-77.043607,38.909927]},"properties":{"active":false,"driverId":46,"type":"L"}},{"type":"Feature","geometry":{"type":"Point","coordinates":[-77.030801,38.896114]},"properties":{"active":false,"driverId":47,"type":"L"}},{"type":"Feature","geometry":{"type":"Point","coordinates":[-77.010619,38.900207]},"properties":{"active":false,"driverId":48,"type":"L"}},{"type":"Feature","geometry":{"type":"Point","coordinates":[-77.02813,38.893552]},"properties":{"active":false,"driverId":49,"type":"L"}},{"type":"Feature","geometry":{"type":"Point","coordinates":[-77.029636,38.895786]},"properties":{"active":false,"driverId":50,"type":"L"}},{"type":"Feature","geometry":{"type":"Point","coordinates":[-77.0328,38.898318]},"properties":{"active":false,"driverId":51,"type":"L"}},{"type":"Feature","geometry":{"type":"Point","coordinates":[-77.030117,38.910043]},"properties":{"active":false,"driverId":52,"type":"L"}},{"type":"Feature","geometry":{"type":"Point","coordinates":[-77.04008728020372,38.90371608475555]},"properties":{"active":true,"driverId":53,"type":"L"}},{"type":"Feature","geometry":{"type":"Point","coordinates":[-77.045589,38.913345]},"properties":{"assigned":true,"driverId":53,"riderId":29487515,"type":"-"}},{"type":"Feature","geometry":{"type":"LineString","coordinates":[[-77.04008728020372,38.90371608475555],[-77.039509,38.90265],[-77.041706,38.902642],[-77.041686,38.906761],[-77.045512,38.913372],[-77.045589,38.913345]]},"properties":{"driverId":53}},{"type":"Feature","geometry":{"type":"Point","coordinates":[-77.065947,38.94836]},"properties":{"active":false,"driverId":54,"type":"L"}},{"type":"Feature","geometry":{"type":"Point","coordinates":[-77.057578,38.905089]},"properties":{"active":false,"driverId":55,"type":"L"}},{"type":"Feature","geometry":{"type":"Point","coordinates":[-77.031954,38.915929]},"properties":{"active":false,"driverId":56,"type":"L"}},{"type":"Feature","geometry":{"type":"Point","coordinates":[-77.010609,38.887591]},"properties":{"active":false,"driverId":57,"type":"L"}},{"type":"Feature","geometry":{"type":"Point","coordinates":[-77.029987,38.900097]},"properties":{"active":false,"driverId":58,"type":"L"}},{"type":"Feature","geometry":{"type":"Point","coordinates":[-77.010609,38.887591]},"properties":{"active":false,"driverId":59,"type":"L"}},{"type":"Feature","geometry":{"type":"Point","coordinates":[-77.021931,38.8945108442566]},"properties":{"active":true,"driverId":60,"type":"L"}},{"type":"Feature","geometry":{"type":"Point","coordinates":[-76.9932,38.889804]},"properties":{"assigned":true,"driverId":60,"riderId":28153380,"type":"-"}},{"type":"Feature","geometry":{"type":"LineString","coordinates":[[-77.021931,38.8945108442566],[-77.021931,38.892079],[-77.018571,38.892293],[-77.017518,38.892002],[-77.016612,38.891791],[-77.013283,38.892116],[-77.00591,38.892013],[-77.005928,38.889813],[-76.9932,38.889803],[-76.9932,38.889804]]},"properties":{"driverId":60}},{"type":"Feature","geometry":{"type":"Point","coordinates":[-77.034266,38.933577]},"properties":{"active":false,"driverId":61,"type":"L"}},{"type":"Feature","geometry":{"type":"Point","coordinates":[-77.027575,38.894878]},"properties":{"active":false,"driverId":62,"type":"L"}},{"type":"Feature","geometry":{"type":"Point","coordinates":[-77.036488,38.916645]},"properties":{"active":false,"driverId":63,"type":"L"}},{"type":"Feature","geometry":{"type":"Point","coordinates":[-77.010664,38.918106]},"properties":{"active":false,"driverId":64,"type":"L"}},{"type":"Feature","geometry":{"type":"Point","coordinates":[-77.038724,38.8964]},"properties":{"active":false,"driverId":65,"type":"L"}},{"type":"Feature","geometry":{"type":"Point","coordinates":[-77.014666,38.926399]},"properties":{"active":false,"driverId":66,"type":"L"}},{"type":"Feature","geometry":{"type":"Point","coordinates":[-77.085017,38.932067]},"properties":{"active":false,"driverId":67,"type":"L"}},{"type":"Feature","geometry":{"type":"Point","coordinates":[-77.015678,38.897341]},"properties":{"active":false,"driverId":68,"type":"L"}},{"type":"Feature","geometry":{"type":"Point","coordinates":[-77.028985,38.931572]},"properties":{"active":false,"driverId":69,"type":"L"}},{"type":"Feature","geometry":{"type":"Point","coordinates":[-77.031967,38.896727]},"properties":{"active":false,"driverId":70,"type":"L"}},{"type":"Feature","geometry":{"type":"Point","coordinates":[-77.02729863232835,38.91918300130371]},"properties":{"active":true,"driverId":71,"type":"L"}},{"type":"Feature","geometry":{"type":"Point","coordinates":[-77.027034,38.917555]},"properties":{"assigned":true,"driverId":71,"riderId":30022737,"type":"+"}},{"type":"Feature","geometry":{"type":"Point","coordinates":[-77.040064,38.916287]},"properties":{"assigned":true,"driverId":71,"riderId":30022737,"type":"-"}},{"type":"Feature","geometry":{"type":"LineString","coordinates":[[-77.02729863232835,38.91918300130371],[-77.027035,38.919183],[-77.027033,38.917555],[-77.027034,38.917555],[-77.027034,38.917555],[-77.027033,38.917555],[-77.027037,38.916999],[-77.038477,38.917003],[-77.038479,38.916286],[-77.040064,38.916289],[-77.040064,38.916287]]},"properties":{"driverId":71}},{"type":"Feature","geometry":{"type":"Point","coordinates":[-77.04266533509978,38.92241963382481]},"properties":{"active":true,"driverId":72,"type":"L"}},{"type":"Feature","geometry":{"type":"Point","coordinates":[-77.056361,38.916965]},"properties":{"assigned":true,"driverId":72,"riderId":30682069,"type":"-"}},{"type":"Feature","geometry":{"type":"LineString","coordinates":[[-77.04266533509978,38.92241963382481],[-77.046031,38.91708],[-77.046737,38.916767],[-77.04622,38.914342],[-77.048819,38.911512],[-77.050246,38.912139],[-77.050702,38.912457],[-77.056767,38.916622],[-77.056362,38.916966],[-77.056361,38.916965]]},"properties":{"driverId":72}},{"type":"Feature","geometry":{"type":"Point","coordinates":[-77.034105,38.902514]},"properties":{"active":false,"driverId":73,"type":"L"}},{"type":"Feature","geometry":{"type":"Point","coordinates":[-77.006668,38.879284]},"properties":{"active":false,"driverId":74,"type":"L"}},{"type":"Feature","geometry":{"type":"Point","coordinates":[-77.026514,38.899817]},"properties":{"active":false,"driverId":75,"type":"L"}},{"type":"Feature","geometry":{"type":"Point","coordinates":[-77.038393,38.926469]},"properties":{"active":false,"driverId":76,"type":"L"}},{"type":"Feature","geometry":{"type":"Point","coordinates":[-77.037204,38.916297]},"properties":{"active":false,"driverId":77,"type":"L"}},{"type":"Feature","geometry":{"type":"Point","coordinates":[-77.039686,38.919973]},"properties":{"active":false,"driverId":78,"type":"L"}},{"type":"Feature","geometry":{"type":"Point","coordinates":[-77.029622,38.913718]},"properties":{"active":false,"driverId":79,"type":"L"}},{"type":"Feature","geometry":{"type":"Point","coordinates":[-76.991433,38.942866]},"properties":{"active":false,"driverId":80,"type":"L"}},{"type":"Feature","geometry":{"type":"Point","coordinates":[-77.032614,38.904526]},"properties":{"active":false,"driverId":81,"type":"L"}},{"type":"Feature","geometry":{"type":"Point","coordinates":[-77.045348,38.918159]},"properties":{"active":false,"driverId":82,"type":"L"}},{"type":"Feature","geometry":{"type":"Point","coordinates":[-76.994962,38.904247]},"properties":{"active":false,"driverId":83,"type":"L"}},{"type":"Feature","geometry":{"type":"Point","coordinates":[-77.011189,38.895455]},"properties":{"active":false,"driverId":84,"type":"L"}},{"type":"Feature","geometry":{"type":"Point","coordinates":[-77.052765,38.910601]},"properties":{"active":false,"driverId":85,"type":"L"}},{"type":"Feature","geometry":{"type":"Point","coordinates":[-77.02599,38.897831]},"properties":{"active":false,"driverId":86,"type":"L"}},{"type":"Feature","geometry":{"type":"Point","coordinates":[-77.040574,38.900213]},"properties":{"active":false,"driverId":87,"type":"L"}},{"type":"Feature","geometry":{"type":"Point","coordinates":[-77.029618,38.919841]},"properties":{"active":false,"driverId":88,"type":"L"}},{"type":"Feature","geometry":{"type":"Point","coordinates":[-77.024996,38.901805]},"properties":{"active":false,"driverId":89,"type":"L"}},{"type":"Feature","geometry":{"type":"Point","coordinates":[-77.057578,38.905089]},"properties":{"active":false,"driverId":90,"type":"L"}},{"type":"Feature","geometry":{"type":"Point","coordinates":[-77.021915,38.893586]},"properties":{"active":false,"driverId":91,"type":"L"}},{"type":"Feature","geometry":{"type":"Point","coordinates":[-77.038237,38.93096]},"properties":{"active":false,"driverId":92,"type":"L"}},{"type":"Feature","geometry":{"type":"Point","coordinates":[-77.046645,38.904683]},"properties":{"active":false,"driverId":93,"type":"L"}},{"type":"Feature","geometry":{"type":"Point","coordinates":[-77.014666,38.926399]},"properties":{"active":false,"driverId":94,"type":"L"}},{"type":"Feature","geometry":{"type":"Point","coordinates":[-77.02396,38.897867]},"properties":{"active":false,"driverId":95,"type":"L"}},{"type":"Feature","geometry":{"type":"Point","coordinates":[-77.031967,38.896727]},"properties":{"active":false,"driverId":96,"type":"L"}},{"type":"Feature","geometry":{"type":"Point","coordinates":[-77.026514,38.899817]},"properties":{"active":false,"driverId":97,"type":"L"}},{"type":"Feature","geometry":{"type":"Point","coordinates":[-77.03272260294925,38.9383629001845]},"properties":{"active":true,"driverId":98,"type":"L"}},{"type":"Feature","geometry":{"type":"Point","coordinates":[-77.04236,38.92431]},"properties":{"assigned":true,"driverId":98,"riderId":31200487,"type":"-"}},{"type":"Feature","geometry":{"type":"LineString","coordinates":[[-77.03272260294925,38.9383629001845],[-77.032722,38.937078],[-77.036447,38.937427],[-77.036474,38.927174],[-77.03915,38.92718],[-77.042361,38.924311],[-77.04236,38.92431]]},"properties":{"driverId":98}},{"type":"Feature","geometry":{"type":"Point","coordinates":[-77.040856,38.905199]},"properties":{"active":false,"driverId":99,"type":"L"}},{"type":"Feature","geometry":{"type":"Point","coordinates":[-77.032789,38.89632]},"properties":{"active":false,"driverId":100,"type":"L"}},{"type":"Feature","geometry":{"type":"Point","coordinates":[-77.074422,38.930842]},"properties":{"active":false,"driverId":101,"type":"L"}},{"type":"Feature","geometry":{"type":"Point","coordinates":[-77.005893,38.885552]},"properties":{"active":false,"driverId":102,"type":"L"}},{"type":"Feature","geometry":{"type":"Point","coordinates":[-77.036545,38.892353]},"properties":{"active":false,"driverId":103,"type":"L"}},{"type":"Feature","geometry":{"type":"Point","coordinates":[-77.031951,38.917555]},"properties":{"active":false,"driverId":104,"type":"L"}},{"type":"Feature","geometry":{"type":"Point","coordinates":[-77.009057,38.869938]},"properties":{"active":false,"driverId":105,"type":"L"}},{"type":"Feature","geometry":{"type":"Point","coordinates":[-77.064024,38.906001]},"properties":{"active":false,"driverId":106,"type":"L"}},{"type":"Feature","geometry":{"type":"Point","coordinates":[-77.021917,38.897861]},"properties":{"active":false,"driverId":107,"type":"L"}},{"type":"Feature","geometry":{"type":"Point","coordinates":[-77.045589,38.913345]},"properties":{"active":false,"driverId":108,"type":"L"}},{"type":"Feature","geometry":{"type":"Point","coordinates":[-77.014439,38.883241]},"properties":{"active":true,"driverId":109,"type":"L"}},{"type":"Feature","geometry":{"type":"Point","coordinates":[-76.99558,38.879283]},"properties":{"assigned":true,"driverId":109,"riderId":28397883,"type":"-"}},{"type":"Feature","geometry":{"type":"LineString","coordinates":[[-77.014439,38.883241],[-77.014439,38.883242],[-77.01519,38.883246],[-77.015191,38.887568],[-77.003643,38.887612],[-76.994968,38.884057],[-76.994975,38.879284],[-76.99558,38.879283],[-76.99558,38.879283]]},"properties":{"driverId":109}},{"type":"Feature","geometry":{"type":"Point","coordinates":[-77.034569,38.906102]},"properties":{"active":false,"driverId":110,"type":"L"}},{"type":"Feature","geometry":{"type":"Point","coordinates":[-77.019242,38.892576]},"properties":{"active":false,"driverId":111,"type":"L"}},{"type":"Feature","geometry":{"type":"Point","coordinates":[-77.00861,38.887585]},"properties":{"active":false,"driverId":112,"type":"L"}},{"type":"Feature","geometry":{"type":"Point","coordinates":[-77.042725,38.899946]},"properties":{"active":false,"driverId":113,"type":"L"}},{"type":"Feature","geometry":{"type":"Point","coordinates":[-76.997854,38.877526]},"properties":{"active":false,"driverId":114,"type":"L"}},{"type":"Feature","geometry":{"type":"Point","coordinates":[-77.04749,38.918242]},"properties":{"active":false,"driverId":115,"type":"L"}},{"type":"Feature","geometry":{"type":"Point","coordinates":[-77.03259,38.928172]},"properties":{"active":false,"driverId":116,"type":"L"}},{"type":"Feature","geometry":{"type":"Point","coordinates":[-77.02962,38.910659]},"properties":{"active":false,"driverId":117,"type":"L"}},{"type":"Feature","geometry":{"type":"Point","coordinates":[-77.02813,38.893552]},"properties":{"active":false,"driverId":118,"type":"L"}},{"type":"Feature","geometry":{"type":"Point","coordinates":[-77.021914,38.894336]},"properties":{"active":false,"driverId":119,"type":"L"}},{"type":"Feature","geometry":{"type":"Point","coordinates":[-77.02756,38.911124]},"properties":{"active":false,"driverId":120,"type":"L"}},{"type":"Feature","geometry":{"type":"Point","coordinates":[-77.024969,38.897344]},"properties":{"active":false,"driverId":121,"type":"L"}},{"type":"Feature","geometry":{"type":"Point","coordinates":[-77.041681,38.919202]},"properties":{"active":false,"driverId":122,"type":"L"}},{"type":"Feature","geometry":{"type":"Point","coordinates":[-77.038724,38.8964]},"properties":{"active":false,"driverId":123,"type":"L"}},{"type":"Feature","geometry":{"type":"Point","coordinates":[-77.01987654929394,38.88689708180923]},"properties":{"active":true,"driverId":124,"type":"L"}},{"type":"Feature","geometry":{"type":"Point","coordinates":[-77.010123,38.897899]},"properties":{"assigned":true,"driverId":124,"riderId":29888934,"type":"-"}},{"type":"Feature","geometry":{"type":"LineString","coordinates":[[-77.01987654929394,38.88689708180923],[-77.019908,38.886883],[-77.019907,38.887568],[-77.01665,38.887564],[-77.012443,38.888851],[-77.012217,38.889119],[-77.012202,38.890512],[-77.012125,38.890686],[-77.011997,38.897683],[-77.012235,38.898311],[-77.011219,38.898356],[-77.010118,38.897906],[-77.010123,38.897899]]},"properties":{"driverId":124}},{"type":"Feature","geometry":{"type":"Point","coordinates":[-77.063916,38.944869]},"properties":{"active":false,"driverId":125,"type":"L"}},{"type":"Feature","geometry":{"type":"Point","coordinates":[-77.032793,38.902523]},"properties":{"active":false,"driverId":126,"type":"L"}},{"type":"Feature","geometry":{"type":"Point","coordinates":[-77.048141,38.905262]},"properties":{"active":false,"driverId":127,"type":"L"}},{"type":"Feature","geometry":{"type":"Point","coordinates":[-77.044181,38.901337]},"properties":{"active":false,"driverId":128,"type":"L"}},{"type":"Feature","geometry":{"type":"Point","coordinates":[-77.010245,38.896122]},"properties":{"active":false,"driverId":129,"type":"L"}},{"type":"Feature","geometry":{"type":"Point","coordinates":[-77.039686,38.919973]},"properties":{"active":false,"driverId":130,"type":"L"}},{"type":"Feature","geometry":{"type":"Point","coordinates":[-77.064024,38.906001]},"properties":{"active":false,"driverId":131,"type":"L"}},{"type":"Feature","geometry":{"type":"Point","coordinates":[-77.027562,38.897349]},"properties":{"active":false,"driverId":132,"type":"L"}},{"type":"Feature","geometry":{"type":"Point","coordinates":[-77.039062,38.914317]},"properties":{"active":false,"driverId":133,"type":"L"}},{"type":"Feature","geometry":{"type":"Point","coordinates":[-77.029987,38.900097]},"properties":{"active":false,"driverId":134,"type":"L"}},{"type":"Feature","geometry":{"type":"Point","coordinates":[-77.043438,38.908489]},"properties":{"active":false,"driverId":135,"type":"L"}},{"type":"Feature","geometry":{"type":"Point","coordinates":[-77.03409204867003,38.9096612113856]},"properties":{"active":true,"driverId":136,"type":"L"}},{"type":"Feature","geometry":{"type":"Point","coordinates":[-77.036541,38.903132]},"properties":{"assigned":true,"driverId":136,"riderId":28491574,"type":"-"}},{"type":"Feature","geometry":{"type":"LineString","coordinates":[[-77.03409204867003,38.9096612113856],[-77.036518,38.909656],[-77.036542,38.903132],[-77.036541,38.903132]]},"properties":{"driverId":136}},{"type":"Feature","geometry":{"type":"Point","coordinates":[-77.042365,38.921623]},"properties":{"active":false,"driverId":137,"type":"L"}},{"type":"Feature","geometry":{"type":"Point","coordinates":[-76.980387,38.899615]},"properties":{"active":false,"driverId":138,"type":"L"}},{"type":"Feature","geometry":{"type":"Point","coordinates":[-77.018731,38.886039]},"properties":{"active":false,"driverId":139,"type":"L"}},{"type":"Feature","geometry":{"type":"Point","coordinates":[-77.021917,38.897861]},"properties":{"active":false,"driverId":140,"type":"L"}},{"type":"Feature","geometry":{"type":"Point","coordinates":[-77.052487,38.925203]},"properties":{"active":false,"driverId":141,"type":"L"}},{"type":"Feature","geometry":{"type":"Point","coordinates":[-77.055332,38.926334]},"properties":{"active":false,"driverId":142,"type":"L"}},{"type":"Feature","geometry":{"type":"Point","coordinates":[-77.01991,38.900339]},"properties":{"active":false,"driverId":143,"type":"L"}},{"type":"Feature","geometry":{"type":"Point","coordinates":[-76.994963,38.894181]},"properties":{"active":false,"driverId":144,"type":"L"}},{"type":"Feature","geometry":{"type":"Point","coordinates":[-77.027556,38.898316]},"properties":{"active":false,"driverId":145,"type":"L"}},{"type":"Feature","geometry":{"type":"Point","coordinates":[-77.009855,38.879286]},"properties":{"active":false,"driverId":146,"type":"L"}},{"type":"Feature","geometry":{"type":"Point","coordinates":[-77.02390097959767,38.90087984114789]},"properties":{"active":true,"driverId":147,"type":"L"}},{"type":"Feature","geometry":{"type":"Point","coordinates":[-77.025018,38.90324]},"properties":{"assigned":true,"driverId":147,"riderId":31027209,"type":"-"}},{"type":"Feature","geometry":{"type":"LineString","coordinates":[[-77.02390097959767,38.90087984114789],[-77.021924,38.900873],[-77.021943,38.902951],[-77.025019,38.903238],[-77.025018,38.90324]]},"properties":{"driverId":147}},{"type":"Feature","geometry":{"type":"Point","coordinates":[-77.05140622550324,38.90552450902846]},"properties":{"active":true,"driverId":148,"type":"L"}},{"type":"Feature","geometry":{"type":"Point","coordinates":[-77.045787,38.897353]},"properties":{"assigned":true,"driverId":148,"riderId":28942806,"type":"-"}},{"type":"Feature","geometry":{"type":"LineString","coordinates":[[-77.05140622550324,38.90552450902846],[-77.051414,38.902983],[-77.050791,38.902476],[-77.049753,38.902098],[-77.046653,38.901331],[-77.046663,38.897349],[-77.045787,38.89735],[-77.045787,38.897353]]},"properties":{"driverId":148}},{"type":"Feature","geometry":{"type":"Point","coordinates":[-77.017555,38.897329]},"properties":{"active":false,"driverId":149,"type":"L"}},{"type":"Feature","geometry":{"type":"Point","coordinates":[-77.024969,38.897344]},"properties":{"active":false,"driverId":150,"type":"L"}},{"type":"Feature","geometry":{"type":"Point","coordinates":[-76.998449,38.89773]},"properties":{"active":false,"driverId":151,"type":"L"}},{"type":"Feature","geometry":{"type":"Point","coordinates":[-77.028855,38.897339]},"properties":{"active":false,"driverId":152,"type":"L"}},{"type":"Feature","geometry":{"type":"Point","coordinates":[-77.024975,38.907238]},"properties":{"active":false,"driverId":153,"type":"L"}},{"type":"Feature","geometry":{"type":"Point","coordinates":[-77.01991,38.900339]},"properties":{"active":false,"driverId":154,"type":"L"}},{"type":"Feature","geometry":{"type":"Point","coordinates":[-77.022942,38.910385]},"properties":{"active":false,"driverId":155,"type":"L"}},{"type":"Feature","geometry":{"type":"Point","coordinates":[-77.074949,38.912606]},"properties":{"active":false,"driverId":156,"type":"L"}},{"type":"Feature","geometry":{"type":"Point","coordinates":[-77.030858,38.922429]},"properties":{"active":false,"driverId":157,"type":"L"}},{"type":"Feature","geometry":{"type":"Point","coordinates":[-77.04653556716738,38.91628894066416]},"properties":{"active":true,"driverId":158,"type":"L"}},{"type":"Feature","geometry":{"type":"Point","coordinates":[-77.031951,38.911498]},"properties":{"assigned":true,"driverId":158,"riderId":30418609,"type":"-"}},{"type":"Feature","geometry":{"type":"LineString","coordinates":[[-77.04653556716738,38.91628894066416],[-77.046276,38.915982],[-77.044072,38.915553],[-77.041215,38.917005],[-77.031951,38.916998],[-77.031951,38.911498],[-77.031951,38.911498]]},"properties":{"driverId":158}},{"type":"Feature","geometry":{"type":"Point","coordinates":[-77.037524,38.903739]},"properties":{"active":false,"driverId":159,"type":"L"}},{"type":"Feature","geometry":{"type":"Point","coordinates":[-77.041681,38.918281]},"properties":{"active":false,"driverId":160,"type":"L"}},{"type":"Feature","geometry":{"type":"Point","coordinates":[-77.025321,38.936819]},"properties":{"active":false,"driverId":161,"type":"L"}},{"type":"Feature","geometry":{"type":"Point","coordinates":[-76.989095,38.94703]},"properties":{"active":false,"driverId":162,"type":"L"}},{"type":"Feature","geometry":{"type":"Point","coordinates":[-77.018293,38.90252]},"properties":{"active":false,"driverId":163,"type":"L"}},{"type":"Feature","geometry":{"type":"Point","coordinates":[-77.023477,38.897207]},"properties":{"active":false,"driverId":164,"type":"L"}},{"type":"Feature","geometry":{"type":"Point","coordinates":[-76.99532,38.887741]},"properties":{"active":false,"driverId":165,"type":"L"}},{"type":"Feature","geometry":{"type":"Point","coordinates":[-77.024996,38.901805]},"properties":{"active":false,"driverId":166,"type":"L"}},{"type":"Feature","geometry":{"type":"Point","coordinates":[-77.043816,38.920849]},"properties":{"active":false,"driverId":167,"type":"L"}},{"type":"Feature","geometry":{"type":"Point","coordinates":[-77.049541,38.911762]},"properties":{"active":false,"driverId":168,"type":"L"}},{"type":"Feature","geometry":{"type":"Point","coordinates":[-77.022433,38.911123]},"properties":{"active":false,"driverId":169,"type":"L"}},{"type":"Feature","geometry":{"type":"Point","coordinates":[-77.005208,38.877525]},"properties":{"active":false,"driverId":170,"type":"L"}},{"type":"Feature","geometry":{"type":"Point","coordinates":[-77.019328,38.887568]},"properties":{"active":false,"driverId":171,"type":"L"}},{"type":"Feature","geometry":{"type":"Point","coordinates":[-77.00777445203407,38.89664361070529]},"properties":{"active":true,"driverId":172,"type":"L"}},{"type":"Feature","geometry":{"type":"Point","coordinates":[-76.984895,38.907739]},"properties":{"assigned":true,"driverId":172,"riderId":30836299,"type":"-"}},{"type":"Feature","geometry":{"type":"LineString","coordinates":[[-77.00777445203407,38.89664361070529],[-77.007741,38.896616],[-77.009061,38.896159],[-77.009079,38.89744],[-77.009018,38.902515],[-76.998444,38.902512],[-76.995842,38.909613],[-76.992146,38.912105],[-76.984992,38.9102],[-76.986285,38.908328],[-76.984895,38.907739],[-76.984895,38.907739]]},"properties":{"driverId":172}},{"type":"Feature","geometry":{"type":"Point","coordinates":[-77.038393,38.926469]},"properties":{"active":false,"driverId":173,"type":"L"}},{"type":"Feature","geometry":{"type":"Point","coordinates":[-77.037264,38.906994]},"properties":{"active":false,"driverId":174,"type":"L"}},{"type":"Feature","geometry":{"type":"Point","coordinates":[-77.03195,38.908039]},"properties":{"active":false,"driverId":175,"type":"L"}},{"type":"Feature","geometry":{"type":"Point","coordinates":[-77.040064,38.931446]},"properties":{"active":false,"driverId":176,"type":"L"}},{"type":"Feature","geometry":{"type":"Point","coordinates":[-77.013719,38.881283]},"properties":{"active":false,"driverId":177,"type":"L"}},{"type":"Feature","geometry":{"type":"Point","coordinates":[-77.021917,38.89913]},"properties":{"active":false,"driverId":178,"type":"L"}},{"type":"Feature","geometry":{"type":"Point","coordinates":[-77.033421,38.90314]},"properties":{"active":false,"driverId":179,"type":"L"}},{"type":"Feature","geometry":{"type":"Point","coordinates":[-77.012429,38.890825]},"properties":{"active":false,"driverId":180,"type":"L"}},{"type":"Feature","geometry":{"type":"Point","coordinates":[-76.995564,38.895185]},"properties":{"active":false,"driverId":181,"type":"L"}},{"type":"Feature","geometry":{"type":"Point","coordinates":[-77.066122,38.942403]},"properties":{"active":false,"driverId":182,"type":"L"}},{"type":"Feature","geometry":{"type":"Point","coordinates":[-77.049476,38.900699]},"properties":{"active":false,"driverId":183,"type":"L"}},{"type":"Feature","geometry":{"type":"Point","coordinates":[-76.915698,38.887942]},"properties":{"active":false,"driverId":184,"type":"L"}},{"type":"Feature","geometry":{"type":"Point","coordinates":[-77.033422,38.96264]},"properties":{"active":false,"driverId":185,"type":"L"}},{"type":"Feature","geometry":{"type":"Point","coordinates":[-77.0328,38.898318]},"properties":{"active":false,"driverId":186,"type":"L"}},{"type":"Feature","geometry":{"type":"Point","coordinates":[-77.030788,38.916284]},"properties":{"active":false,"driverId":187,"type":"L"}},{"type":"Feature","geometry":{"type":"Point","coordinates":[-77.031962,38.900771]},"properties":{"active":false,"driverId":188,"type":"L"}},{"type":"Feature","geometry":{"type":"Point","coordinates":[-77.02963045773276,38.89877816704702]},"properties":{"active":true,"driverId":189,"type":"L"}},{"type":"Feature","geometry":{"type":"Point","coordinates":[-77.033491,38.905646]},"properties":{"assigned":true,"driverId":189,"riderId":28561728,"type":"-"}},{"type":"Feature","geometry":{"type":"LineString","coordinates":[[-77.02963045773276,38.89877816704702],[-77.029627,38.904849],[-77.029848,38.904976],[-77.031559,38.90583],[-77.032409,38.905666],[-77.033491,38.905647],[-77.033491,38.905646]]},"properties":{"driverId":189}},{"type":"Feature","geometry":{"type":"Point","coordinates":[-77.008388,38.897204]},"properties":{"active":false,"driverId":190,"type":"L"}},{"type":"Feature","geometry":{"type":"Point","coordinates":[-77.026514,38.899817]},"properties":{"active":false,"driverId":191,"type":"L"}},{"type":"Feature","geometry":{"type":"Point","coordinates":[-77.03500262852386,38.900469128258905]},"properties":{"active":true,"driverId":192,"type":"L"}},{"type":"Feature","geometry":{"type":"Point","coordinates":[-77.03655,38.900773]},"properties":{"assigned":true,"driverId":192,"riderId":28205147,"type":"+"}},{"type":"Feature","geometry":{"type":"Point","coordinates":[-77.061945,38.902592]},"properties":{"assigned":true,"driverId":192,"riderId":28205147,"type":"-"}},{"type":"Feature","geometry":{"type":"LineString","coordinates":[[-77.03500262852386,38.900469128258905],[-77.034593,38.901335],[-77.036546,38.901334],[-77.03655,38.900773],[-77.03655,38.900773],[-77.03655,38.900773],[-77.03655,38.900773],[-77.036546,38.901334],[-77.044905,38.901332],[-77.044903,38.902527],[-77.055821,38.902584],[-77.061945,38.9026],[-77.061945,38.902592]]},"properties":{"driverId":192}},{"type":"Feature","geometry":{"type":"Point","coordinates":[-77.029987,38.900097]},"properties":{"active":false,"driverId":193,"type":"L"}},{"type":"Feature","geometry":{"type":"Point","coordinates":[-77.021917,38.896704]},"properties":{"active":false,"driverId":194,"type":"L"}},{"type":"Feature","geometry":{"type":"Point","coordinates":[-77.028855,38.897339]},"properties":{"active":false,"driverId":195,"type":"L"}},{"type":"Feature","geometry":{"type":"Point","coordinates":[-77.062822,38.905601]},"properties":{"active":false,"driverId":196,"type":"L"}},{"type":"Feature","geometry":{"type":"Point","coordinates":[-77.040856,38.905199]},"properties":{"active":false,"driverId":197,"type":"L"}},{"type":"Feature","geometry":{"type":"Point","coordinates":[-77.033644,38.900769]},"properties":{"active":false,"driverId":198,"type":"L"}},{"type":"Feature","geometry":{"type":"Point","coordinates":[-77.040077,38.930566]},"properties":{"active":false,"driverId":199,"type":"L"}},{"type":"Feature","geometry":{"type":"Point","coordinates":[-77.039686,38.919973]},"properties":{"active":false,"driverId":200,"type":"L"}},{"type":"Feature","geometry":{"type":"Point","coordinates":[-77.039447,38.900774]},"properties":{"active":false,"driverId":201,"type":"L"}},{"type":"Feature","geometry":{"type":"Point","coordinates":[-77.046661,38.897837]},"properties":{"active":false,"driverId":202,"type":"L"}},{"type":"Feature","geometry":{"type":"Point","coordinates":[-77.031962,38.900771]},"properties":{"active":false,"driverId":203,"type":"L"}},{"type":"Feature","geometry":{"type":"Point","coordinates":[-77.045597,38.91935]},"properties":{"active":false,"driverId":204,"type":"L"}},{"type":"Feature","geometry":{"type":"Point","coordinates":[-77.002764,38.88737]},"properties":{"active":false,"driverId":205,"type":"L"}},{"type":"Feature","geometry":{"type":"Point","coordinates":[-77.03926,38.903741]},"properties":{"active":false,"driverId":206,"type":"L"}},{"type":"Feature","geometry":{"type":"Point","coordinates":[-77.043816,38.920849]},"properties":{"active":false,"driverId":207,"type":"L"}},{"type":"Feature","geometry":{"type":"Point","coordinates":[-77.023477,38.897207]},"properties":{"active":false,"driverId":208,"type":"L"}},{"type":"Feature","geometry":{"type":"Point","coordinates":[-77.03653,38.907175]},"properties":{"active":false,"driverId":209,"type":"L"}},{"type":"Feature","geometry":{"type":"Point","coordinates":[-77.021918,38.91483]},"properties":{"active":false,"driverId":210,"type":"L"}},{"type":"Feature","geometry":{"type":"Point","coordinates":[-77.03946565280184,38.899104389130244]},"properties":{"active":true,"driverId":211,"type":"L"}},{"type":"Feature","geometry":{"type":"Point","coordinates":[-77.002986,38.894789]},"properties":{"assigned":true,"driverId":211,"riderId":29159166,"type":"-"}},{"type":"Feature","geometry":{"type":"LineString","coordinates":[[-77.03946565280184,38.899104389130244],[-77.039456,38.900204],[-77.031163,38.900212],[-77.030282,38.900045],[-77.023972,38.90211],[-77.021932,38.902105],[-77.016184,38.900165],[-77.007561,38.896219],[-77.005907,38.895878],[-77.00351,38.895207],[-77.003511,38.894787],[-77.002986,38.894789],[-77.002986,38.894789]]},"properties":{"driverId":211}},{"type":"Feature","geometry":{"type":"Point","coordinates":[-77.022981,38.902943]},"properties":{"active":false,"driverId":212,"type":"L"}},{"type":"Feature","geometry":{"type":"Point","coordinates":[-77.010245,38.896122]},"properties":{"active":false,"driverId":213,"type":"L"}},{"type":"Feature","geometry":{"type":"Point","coordinates":[-76.988424,38.854172]},"properties":{"active":false,"driverId":214,"type":"L"}},{"type":"Feature","geometry":{"type":"Point","coordinates":[-77.061713,38.943154]},"properties":{"active":false,"driverId":215,"type":"L"}},{"type":"Feature","geometry":{"type":"Point","coordinates":[-77.019175,38.941519]},"properties":{"active":false,"driverId":216,"type":"L"}},{"type":"Feature","geometry":{"type":"Point","coordinates":[-77.012352,38.897337]},"properties":{"active":false,"driverId":217,"type":"L"}},{"type":"Feature","geometry":{"type":"Point","coordinates":[-77.04169170203207,38.90558525566201]},"properties":{"active":true,"driverId":218,"type":"L"}},{"type":"Feature","geometry":{"type":"Point","coordinates":[-77.04165,38.917403]},"properties":{"assigned":true,"driverId":218,"riderId":30001223,"type":"-"}},{"type":"Feature","geometry":{"type":"LineString","coordinates":[[-77.04169170203207,38.90558525566201],[-77.041686,38.906761],[-77.046091,38.914432],[-77.044072,38.915553],[-77.041658,38.915574],[-77.041651,38.917403],[-77.04165,38.917403]]},"properties":{"driverId":218}},{"type":"Feature","geometry":{"type":"Point","coordinates":[-77.028851,38.904572]},"properties":{"active":false,"driverId":219,"type":"L"}},{"type":"Feature","geometry":{"type":"Point","coordinates":[-76.992644,38.895452]},"properties":{"active":false,"driverId":220,"type":"L"}},{"type":"Feature","geometry":{"type":"Point","coordinates":[-77.021917,38.89913]},"properties":{"active":false,"driverId":221,"type":"L"}},{"type":"Feature","geometry":{"type":"Point","coordinates":[-77.033644,38.900769]},"properties":{"active":false,"driverId":222,"type":"L"}},{"type":"Feature","geometry":{"type":"Point","coordinates":[-77.005884,38.906044]},"properties":{"active":false,"driverId":223,"type":"L"}},{"type":"Feature","geometry":{"type":"Point","coordinates":[-77.047756,38.897354]},"properties":{"active":false,"driverId":224,"type":"L"}},{"type":"Feature","geometry":{"type":"Point","coordinates":[-77.021917,38.895463]},"properties":{"active":false,"driverId":225,"type":"L"}},{"type":"Feature","geometry":{"type":"Point","coordinates":[-77.010609,38.887591]},"properties":{"active":false,"driverId":226,"type":"L"}},{"type":"Feature","geometry":{"type":"Point","coordinates":[-76.986906,38.900199]},"properties":{"active":false,"driverId":227,"type":"L"}},{"type":"Feature","geometry":{"type":"Point","coordinates":[-77.029626,38.896732]},"properties":{"active":false,"driverId":228,"type":"L"}},{"type":"Feature","geometry":{"type":"Point","coordinates":[-77.01755,38.903734]},"properties":{"active":false,"driverId":229,"type":"L"}},{"type":"Feature","geometry":{"type":"Point","coordinates":[-77.027556,38.901332]},"properties":{"active":false,"driverId":230,"type":"L"}},{"type":"Feature","geometry":{"type":"Point","coordinates":[-77.037262,38.907493]},"properties":{"active":false,"driverId":231,"type":"L"}},{"type":"Feature","geometry":{"type":"Point","coordinates":[-77.009056,38.96487]},"properties":{"active":false,"driverId":232,"type":"L"}},{"type":"Feature","geometry":{"type":"Point","coordinates":[-77.022943,38.893595]},"properties":{"active":false,"driverId":233,"type":"L"}},{"type":"Feature","geometry":{"type":"Point","coordinates":[-77.022423,38.917761]},"properties":{"active":false,"driverId":234,"type":"L"}},{"type":"Feature","geometry":{"type":"Point","coordinates":[-76.980071,38.917188]},"properties":{"active":false,"driverId":235,"type":"L"}},{"type":"Feature","geometry":{"type":"Point","coordinates":[-77.047716,38.909637]},"properties":{"active":false,"driverId":236,"type":"L"}},{"type":"Feature","geometry":{"type":"Point","coordinates":[-77.029111,38.884205]},"properties":{"active":false,"driverId":237,"type":"L"}},{"type":"Feature","geometry":{"type":"Point","coordinates":[-77.023978,38.895465]},"properties":{"active":false,"driverId":238,"type":"L"}},{"type":"Feature","geometry":{"type":"Point","coordinates":[-77.037534,38.901336]},"properties":{"active":false,"driverId":239,"type":"L"}},{"type":"Feature","geometry":{"type":"Point","coordinates":[-77.042543,38.914835]},"properties":{"active":false,"driverId":240,"type":"L"}},{"type":"Feature","geometry":{"type":"Point","coordinates":[-77.034569,38.906102]},"properties":{"active":false,"driverId":241,"type":"L"}},{"type":"Feature","geometry":{"type":"Point","coordinates":[-77.007026,38.887607]},"properties":{"active":false,"driverId":242,"type":"L"}},{"type":"Feature","geometry":{"type":"Point","coordinates":[-77.019416,38.896127]},"properties":{"active":false,"driverId":243,"type":"L"}},{"type":"Feature","geometry":{"type":"Point","coordinates":[-77.003866,38.89201]},"properties":{"active":false,"driverId":244,"type":"L"}},{"type":"Feature","geometry":{"type":"Point","coordinates":[-77.044185,38.899576]},"properties":{"active":false,"driverId":245,"type":"L"}},{"type":"Feature","geometry":{"type":"Point","coordinates":[-77.04872,38.89109]},"properties":{"active":false,"driverId":246,"type":"L"}},{"type":"Feature","geometry":{"type":"Point","coordinates":[-77.048806,38.905851]},"properties":{"active":false,"driverId":247,"type":"L"}},{"type":"Feature","geometry":{"type":"Point","coordinates":[-77.048141,38.905262]},"properties":{"active":false,"driverId":248,"type":"L"}},{"type":"Feature","geometry":{"type":"Point","coordinates":[-77.04917078186696,38.887923386219164]},"properties":{"active":true,"driverId":249,"type":"L"}},{"type":"Feature","geometry":{"type":"Point","coordinates":[-77.009057,38.869938]},"properties":{"assigned":true,"driverId":249,"riderId":30447552,"type":"-"}},{"type":"Feature","geometry":{"type":"LineString","coordinates":[[-77.04917078186696,38.887923386219164],[-77.048645,38.887196],[-77.050224,38.887255],[-77.036802,38.886941],[-77.013992,38.887565],[-77.00913,38.883201],[-77.009135,38.878412],[-77.008923,38.870783],[-77.010633,38.870095],[-77.010683,38.869471],[-77.009059,38.869475],[-77.009064,38.869938],[-77.009057,38.869938]]},"properties":{"driverId":249}},{"type":"Feature","geometry":{"type":"Point","coordinates":[-77.00861,38.887585]},"properties":{"active":false,"driverId":250,"type":"L"}},{"type":"Feature","geometry":{"type":"Point","coordinates":[-77.029704,38.940273]},"properties":{"active":false,"driverId":251,"type":"L"}},{"type":"Feature","geometry":{"type":"Point","coordinates":[-77.020904,38.893038]},"properties":{"active":false,"driverId":252,"type":"L"}},{"type":"Feature","geometry":{"type":"Point","coordinates":[-77.0062682016581,38.89590782028195]},"properties":{"active":true,"driverId":253,"type":"L"}},{"type":"Feature","geometry":{"type":"Point","coordinates":[-77.034569,38.906102]},"properties":{"assigned":true,"driverId":253,"riderId":30721179,"type":"-"}},{"type":"Feature","geometry":{"type":"LineString","coordinates":[[-77.0062682016581,38.89590782028195],[-77.005907,38.895878],[-77.005505,38.89638],[-77.007628,38.896763],[-77.009025,38.897508],[-77.021932,38.902105],[-77.021943,38.902951],[-77.02397,38.902954],[-77.029848,38.904976],[-77.034568,38.906558],[-77.034564,38.906102],[-77.034569,38.906102]]},"properties":{"driverId":253}},{"type":"Feature","geometry":{"type":"Point","coordinates":[-77.037432,38.925943]},"properties":{"active":false,"driverId":254,"type":"L"}},{"type":"Feature","geometry":{"type":"Point","coordinates":[-77.017291,38.917887]},"properties":{"active":false,"driverId":255,"type":"L"}},{"type":"Feature","geometry":{"type":"Point","coordinates":[-77.028854,38.902524]},"properties":{"active":false,"driverId":256,"type":"L"}},{"type":"Feature","geometry":{"type":"Point","coordinates":[-77.042725,38.899946]},"properties":{"active":false,"driverId":257,"type":"L"}},{"type":"Feature","geometry":{"type":"Point","coordinates":[-77.015958,38.887971]},"properties":{"active":false,"driverId":258,"type":"L"}},{"type":"Feature","geometry":{"type":"Point","coordinates":[-77.03387,38.925403]},"properties":{"active":false,"driverId":259,"type":"L"}},{"type":"Feature","geometry":{"type":"Point","coordinates":[-77.060673,38.905197]},"properties":{"active":false,"driverId":260,"type":"L"}},{"type":"Feature","geometry":{"type":"Point","coordinates":[-77.024969,38.897344]},"properties":{"active":false,"driverId":261,"type":"L"}},{"type":"Feature","geometry":{"type":"Point","coordinates":[-77.018926,38.909106]},"properties":{"active":false,"driverId":262,"type":"L"}},{"type":"Feature","geometry":{"type":"Point","coordinates":[-77.026265,38.901367]},"properties":{"active":false,"driverId":263,"type":"L"}},{"type":"Feature","geometry":{"type":"Point","coordinates":[-77.029987,38.900097]},"properties":{"active":false,"driverId":264,"type":"L"}},{"type":"Feature","geometry":{"type":"Point","coordinates":[-77.049476,38.900699]},"properties":{"active":false,"driverId":265,"type":"L"}},{"type":"Feature","geometry":{"type":"Point","coordinates":[-77.033254,38.909652]},"properties":{"active":false,"driverId":266,"type":"L"}},{"type":"Feature","geometry":{"type":"Point","coordinates":[-77.031561,38.954087]},"properties":{"active":false,"driverId":267,"type":"L"}},{"type":"Feature","geometry":{"type":"Point","coordinates":[-77.082129,38.912682]},"properties":{"active":false,"driverId":268,"type":"L"}},{"type":"Feature","geometry":{"type":"Point","coordinates":[-77.039667,38.903144]},"properties":{"active":false,"driverId":269,"type":"L"}},{"type":"Feature","geometry":{"type":"Point","coordinates":[-77.0394567600681,38.900116212881]},"properties":{"active":true,"driverId":270,"type":"L"}},{"type":"Feature","geometry":{"type":"Point","coordinates":[-77.037948,38.899474]},"properties":{"assigned":true,"driverId":270,"riderId":29005717,"type":"+"}},{"type":"Feature","geometry":{"type":"Point","coordinates":[-77.019734,38.888768]},"properties":{"assigned":true,"driverId":270,"riderId":29005717,"type":"-"}},{"type":"Feature","geometry":{"type":"LineString","coordinates":[[-77.0394567600681,38.900116212881],[-77.039456,38.900204],[-77.037969,38.9002],[-77.037948,38.899474],[-77.037948,38.899474],[-77.037969,38.9002],[-77.033638,38.900207],[-77.033599,38.8955],[-77.021929,38.89323],[-77.021906,38.888738],[-77.019734,38.888767],[-77.019734,38.888768]]},"properties":{"driverId":270}},{"type":"Feature","geometry":{"type":"Point","coordinates":[-77.010123,38.897899]},"properties":{"active":false,"driverId":271,"type":"L"}},{"type":"Feature","geometry":{"type":"Point","coordinates":[-77.032729,38.939209]},"properties":{"active":false,"driverId":272,"type":"L"}},{"type":"Feature","geometry":{"type":"Point","coordinates":[-77.005061,38.892011]},"properties":{"active":false,"driverId":273,"type":"L"}},{"type":"Feature","geometry":{"type":"Point","coordinates":[-77.077916,38.921615]},"properties":{"active":false,"driverId":274,"type":"L"}},{"type":"Feature","geometry":{"type":"Point","coordinates":[-77.067843,38.905499]},"properties":{"active":false,"driverId":275,"type":"L"}},{"type":"Feature","geometry":{"type":"Point","coordinates":[-76.992086,38.884105]},"properties":{"active":false,"driverId":276,"type":"L"}},{"type":"Feature","geometry":{"type":"Point","coordinates":[-77.024996,38.901805]},"properties":{"active":false,"driverId":277,"type":"L"}},{"type":"Feature","geometry":{"type":"Point","coordinates":[-77.047716,38.909637]},"properties":{"active":false,"driverId":278,"type":"L"}},{"type":"Feature","geometry":{"type":"Point","coordinates":[-77.070022,38.955362]},"properties":{"active":false,"driverId":279,"type":"L"}},{"type":"Feature","geometry":{"type":"Point","coordinates":[-77.029987,38.900097]},"properties":{"active":false,"driverId":280,"type":"L"}},{"type":"Feature","geometry":{"type":"Point","coordinates":[-77.009064,38.903122]},"properties":{"active":false,"driverId":281,"type":"L"}},{"type":"Feature","geometry":{"type":"Point","coordinates":[-77.041683,38.906064]},"properties":{"active":false,"driverId":282,"type":"L"}},{"type":"Feature","geometry":{"type":"Point","coordinates":[-77.021917,38.895463]},"properties":{"active":false,"driverId":283,"type":"L"}},{"type":"Feature","geometry":{"type":"Point","coordinates":[-77.034565,38.907589]},"properties":{"active":false,"driverId":284,"type":"L"}},{"type":"Feature","geometry":{"type":"Point","coordinates":[-77.019374,38.920225]},"properties":{"active":false,"driverId":285,"type":"L"}},{"type":"Feature","geometry":{"type":"Point","coordinates":[-77.040856,38.905199]},"properties":{"active":false,"driverId":286,"type":"L"}},{"type":"Feature","geometry":{"type":"Point","coordinates":[-77.063241,38.907217]},"properties":{"active":false,"driverId":287,"type":"L"}},{"type":"Feature","geometry":{"type":"Point","coordinates":[-77.05012889637979,38.90097816112061]},"properties":{"active":true,"driverId":288,"type":"L"}},{"type":"Feature","geometry":{"type":"Point","coordinates":[-77.080187,38.909225]},"properties":{"assigned":true,"driverId":288,"riderId":28642566,"type":"-"}},{"type":"Feature","geometry":{"type":"LineString","coordinates":[[-77.05012889637979,38.90097816112061],[-77.05013,38.902015],[-77.050631,38.902888],[-77.053017,38.902642],[-77.053455,38.902561],[-77.055821,38.902584],[-77.070215,38.905025],[-77.079125,38.906006],[-77.080844,38.906626],[-77.082402,38.908632],[-77.080215,38.908654],[-77.080187,38.909225],[-77.080187,38.909225]]},"properties":{"driverId":288}},{"type":"Feature","geometry":{"type":"Point","coordinates":[-77.027562,38.897349]},"properties":{"active":false,"driverId":289,"type":"L"}},{"type":"Feature","geometry":{"type":"Point","coordinates":[-77.060131,38.903898]},"properties":{"active":false,"driverId":290,"type":"L"}},{"type":"Feature","geometry":{"type":"Point","coordinates":[-77.007038,38.892013]},"properties":{"active":false,"driverId":291,"type":"L"}},{"type":"Feature","geometry":{"type":"Point","coordinates":[-77.009058,38.896733]},"properties":{"active":false,"driverId":292,"type":"L"}},{"type":"Feature","geometry":{"type":"Point","coordinates":[-77.020906,38.894144]},"properties":{"active":false,"driverId":293,"type":"L"}},{"type":"Feature","geometry":{"type":"Point","coordinates":[-77.033644,38.900769]},"properties":{"active":false,"driverId":294,"type":"L"}},{"type":"Feature","geometry":{"type":"Point","coordinates":[-77.034581,38.918621]},"properties":{"active":false,"driverId":295,"type":"L"}},{"type":"Feature","geometry":{"type":"Point","coordinates":[-77.033242,38.916997]},"properties":{"active":false,"driverId":296,"type":"L"}},{"type":"Feature","geometry":{"type":"Point","coordinates":[-77.050112,38.903388]},"properties":{"active":false,"driverId":297,"type":"L"}},{"type":"Feature","geometry":{"type":"Point","coordinates":[-77.018215,38.879285]},"properties":{"active":false,"driverId":298,"type":"L"}},{"type":"Feature","geometry":{"type":"Point","coordinates":[-77.008388,38.897204]},"properties":{"active":false,"driverId":299,"type":"L"}},{"type":"Feature","geometry":{"type":"Point","coordinates":[-76.978993,38.901378]},"properties":{"active":false,"driverId":300,"type":"L"}},{"type":"Feature","geometry":{"type":"Point","coordinates":[-77.032734,38.932175]},"properties":{"active":false,"driverId":301,"type":"L"}},{"type":"Feature","geometry":{"type":"Point","coordinates":[-77.011189,38.895455]},"properties":{"active":false,"driverId":302,"type":"L"}},{"type":"Feature","geometry":{"type":"Point","coordinates":[-77.035829,38.935476]},"properties":{"active":false,"driverId":303,"type":"L"}},{"type":"Feature","geometry":{"type":"Point","coordinates":[-77.040581,38.899206]},"properties":{"active":false,"driverId":304,"type":"L"}},{"type":"Feature","geometry":{"type":"Point","coordinates":[-77.040581,38.899206]},"properties":{"active":false,"driverId":305,"type":"L"}},{"type":"Feature","geometry":{"type":"Point","coordinates":[-77.048813,38.90451]},"properties":{"active":false,"driverId":306,"type":"L"}},{"type":"Feature","geometry":{"type":"Point","coordinates":[-77.01991,38.900339]},"properties":{"active":false,"driverId":307,"type":"L"}},{"type":"Feature","geometry":{"type":"Point","coordinates":[-76.978188,38.884897]},"properties":{"active":false,"driverId":308,"type":"L"}},{"type":"Feature","geometry":{"type":"Point","coordinates":[-77.029987,38.900097]},"properties":{"active":false,"driverId":309,"type":"L"}},{"type":"Feature","geometry":{"type":"Point","coordinates":[-77.012156,38.895454]},"properties":{"active":false,"driverId":310,"type":"L"}},{"type":"Feature","geometry":{"type":"Point","coordinates":[-77.020908,38.879282]},"properties":{"active":false,"driverId":311,"type":"L"}},{"type":"Feature","geometry":{"type":"Point","coordinates":[-77.062822,38.905601]},"properties":{"active":false,"driverId":312,"type":"L"}},{"type":"Feature","geometry":{"type":"Point","coordinates":[-77.020906,38.901812]},"properties":{"active":false,"driverId":313,"type":"L"}},{"type":"Feature","geometry":{"type":"Point","coordinates":[-77.042586,38.898321]},"properties":{"active":false,"driverId":314,"type":"L"}},{"type":"Feature","geometry":{"type":"Point","coordinates":[-77.02813864317508,38.899814991314635]},"properties":{"active":true,"driverId":315,"type":"L"}},{"type":"Feature","geometry":{"type":"Point","coordinates":[-77.0328,38.898318]},"properties":{"assigned":true,"driverId":315,"riderId":29130860,"type":"-"}},{"type":"Feature","geometry":{"type":"LineString","coordinates":[[-77.02813864317508,38.899814991314635],[-77.030155,38.899965],[-77.03195,38.899436],[-77.031951,38.89832],[-77.0328,38.898318],[-77.0328,38.898318]]},"properties":{"driverId":315}},{"type":"Feature","geometry":{"type":"Point","coordinates":[-77.042975,38.920578]},"properties":{"active":false,"driverId":316,"type":"L"}},{"type":"Feature","geometry":{"type":"Point","coordinates":[-77.079438,38.925862]},"properties":{"active":false,"driverId":317,"type":"L"}},{"type":"Feature","geometry":{"type":"Point","coordinates":[-77.019902,38.909108]},"properties":{"active":false,"driverId":318,"type":"L"}},{"type":"Feature","geometry":{"type":"Point","coordinates":[-77.023986,38.901478]},"properties":{"active":false,"driverId":319,"type":"L"}},{"type":"Feature","geometry":{"type":"Point","coordinates":[-77.031953,38.919625]},"properties":{"active":true,"driverId":320,"type":"L"}},{"type":"Feature","geometry":{"type":"Point","coordinates":[-77.046657,38.898949]},"properties":{"assigned":true,"driverId":320,"riderId":29466798,"type":"-"}},{"type":"Feature","geometry":{"type":"LineString","coordinates":[[-77.031953,38.919625],[-77.031953,38.919625],[-77.031949,38.908838],[-77.036325,38.907452],[-77.036777,38.907038],[-77.036546,38.901334],[-77.046653,38.901331],[-77.046652,38.898949],[-77.046657,38.898949]]},"properties":{"driverId":320}},{"type":"Feature","geometry":{"type":"Point","coordinates":[-77.021917,38.897861]},"properties":{"active":false,"driverId":321,"type":"L"}},{"type":"Feature","geometry":{"type":"Point","coordinates":[-77.041828,38.906853]},"properties":{"active":false,"driverId":322,"type":"L"}},{"type":"Feature","geometry":{"type":"Point","coordinates":[-77.056905,38.900822]},"properties":{"active":false,"driverId":323,"type":"L"}},{"type":"Feature","geometry":{"type":"Point","coordinates":[-77.032789,38.89632]},"properties":{"active":false,"driverId":324,"type":"L"}},{"type":"Feature","geometry":{"type":"Point","coordinates":[-77.01618,38.896737]},"properties":{"active":false,"driverId":325,"type":"L"}},{"type":"Feature","geometry":{"type":"Point","coordinates":[-77.029626,38.896732]},"properties":{"active":false,"driverId":326,"type":"L"}},{"type":"Feature","geometry":{"type":"Point","coordinates":[-77.032733,38.934344]},"properties":{"active":false,"driverId":327,"type":"L"}},{"type":"Feature","geometry":{"type":"Point","coordinates":[-77.043453,38.9047]},"properties":{"active":false,"driverId":328,"type":"L"}},{"type":"Feature","geometry":{"type":"Point","coordinates":[-76.970141,38.925065]},"properties":{"active":false,"driverId":329,"type":"L"}},{"type":"Feature","geometry":{"type":"Point","coordinates":[-77.009048,38.954038]},"properties":{"active":false,"driverId":330,"type":"L"}},{"type":"Feature","geometry":{"type":"Point","coordinates":[-77.038496,38.907584]},"properties":{"active":false,"driverId":331,"type":"L"}},{"type":"Feature","geometry":{"type":"Point","coordinates":[-77.031967,38.896727]},"properties":{"active":false,"driverId":332,"type":"L"}},{"type":"Feature","geometry":{"type":"Point","coordinates":[-77.032793,38.902523]},"properties":{"active":false,"driverId":333,"type":"L"}},{"type":"Feature","geometry":{"type":"Point","coordinates":[-77.007142,38.896039]},"properties":{"active":false,"driverId":334,"type":"L"}},{"type":"Feature","geometry":{"type":"Point","coordinates":[-77.008388,38.897204]},"properties":{"active":false,"driverId":335,"type":"L"}},{"type":"Feature","geometry":{"type":"Point","coordinates":[-76.988311,38.894488]},"properties":{"active":false,"driverId":336,"type":"L"}},{"type":"Feature","geometry":{"type":"Point","coordinates":[-77.00592,38.89039]},"properties":{"active":false,"driverId":337,"type":"L"}},{"type":"Feature","geometry":{"type":"Point","coordinates":[-77.052487,38.925203]},"properties":{"active":false,"driverId":338,"type":"L"}},{"type":"Feature","geometry":{"type":"Point","coordinates":[-77.042725,38.899946]},"properties":{"active":false,"driverId":339,"type":"L"}},{"type":"Feature","geometry":{"type":"Point","coordinates":[-77.009048,38.954038]},"properties":{"active":false,"driverId":340,"type":"L"}},{"type":"Feature","geometry":{"type":"Point","coordinates":[-77.022943,38.893595]},"properties":{"active":false,"driverId":341,"type":"L"}},{"type":"Feature","geometry":{"type":"Point","coordinates":[-77.008388,38.897204]},"properties":{"active":false,"driverId":342,"type":"L"}},{"type":"Feature","geometry":{"type":"Point","coordinates":[-77.007476,38.902516]},"properties":{"active":false,"driverId":343,"type":"L"}},{"type":"Feature","geometry":{"type":"Point","coordinates":[-77.023966,38.899431]},"properties":{"active":false,"driverId":344,"type":"L"}},{"type":"Feature","geometry":{"type":"Point","coordinates":[-77.059609,38.902592]},"properties":{"active":false,"driverId":345,"type":"L"}},{"type":"Feature","geometry":{"type":"Point","coordinates":[-77.002766,38.921298]},"properties":{"active":false,"driverId":346,"type":"L"}},{"type":"Feature","geometry":{"type":"Point","coordinates":[-77.045787,38.897353]},"properties":{"active":false,"driverId":347,"type":"L"}},{"type":"Feature","geometry":{"type":"Point","coordinates":[-77.085288,38.959912]},"properties":{"active":false,"driverId":348,"type":"L"}},{"type":"Feature","geometry":{"type":"Point","coordinates":[-77.032732,38.932824]},"properties":{"active":false,"driverId":349,"type":"L"}},{"type":"Feature","geometry":{"type":"Point","coordinates":[-77.028864,38.895235]},"properties":{"active":false,"driverId":350,"type":"L"}},{"type":"Feature","geometry":{"type":"Point","coordinates":[-77.0385,38.906103]},"properties":{"active":false,"driverId":351,"type":"L"}},{"type":"Feature","geometry":{"type":"Point","coordinates":[-77.072878,38.930448]},"properties":{"active":false,"driverId":352,"type":"L"}},{"type":"Feature","geometry":{"type":"Point","coordinates":[-77.032789,38.89632]},"properties":{"active":false,"driverId":353,"type":"L"}},{"type":"Feature","geometry":{"type":"Point","coordinates":[-77.040606,38.893539]},"properties":{"active":false,"driverId":354,"type":"L"}},{"type":"Feature","geometry":{"type":"Point","coordinates":[-77.00617003523955,38.90167421714377]},"properties":{"active":true,"driverId":355,"type":"L"}},{"type":"Feature","geometry":{"type":"Point","coordinates":[-77.002802,38.901324]},"properties":{"assigned":true,"driverId":355,"riderId":28244716,"type":"+"}},{"type":"Feature","geometry":{"type":"Point","coordinates":[-77.002802,38.901324]},"properties":{"assigned":true,"driverId":355,"riderId":28244716,"type":"-"}},{"type":"Feature","geometry":{"type":"LineString","coordinates":[[-77.00617003523955,38.90167421714377],[-77.005887,38.902517],[-77.003558,38.902515],[-77.003543,38.901324],[-77.002802,38.901325],[-77.002802,38.901324],[-77.002802,38.901324],[-77.002802,38.901325],[-77.002802,38.901325],[-77.002802,38.901324]]},"properties":{"driverId":355}},{"type":"Feature","geometry":{"type":"Point","coordinates":[-77.013912,38.931227]},"properties":{"active":false,"driverId":356,"type":"L"}},{"type":"Feature","geometry":{"type":"Point","coordinates":[-77.03387,38.925403]},"properties":{"active":false,"driverId":357,"type":"L"}},{"type":"Feature","geometry":{"type":"Point","coordinates":[-77.040573,38.901336]},"properties":{"active":false,"driverId":358,"type":"L"}},{"type":"Feature","geometry":{"type":"Point","coordinates":[-77.033421,38.90314]},"properties":{"active":false,"driverId":359,"type":"L"}},{"type":"Feature","geometry":{"type":"Point","coordinates":[-77.030786,38.917]},"properties":{"active":false,"driverId":360,"type":"L"}},{"type":"Feature","geometry":{"type":"Point","coordinates":[-77.00861,38.887585]},"properties":{"active":false,"driverId":361,"type":"L"}},{"type":"Feature","geometry":{"type":"Point","coordinates":[-77.039667,38.903144]},"properties":{"active":false,"driverId":362,"type":"L"}},{"type":"Feature","geometry":{"type":"Point","coordinates":[-77.033643,38.898548]},"properties":{"active":false,"driverId":363,"type":"L"}},{"type":"Feature","geometry":{"type":"Point","coordinates":[-77.011954,38.897574]},"properties":{"active":false,"driverId":364,"type":"L"}},{"type":"Feature","geometry":{"type":"Point","coordinates":[-77.039814,38.905654]},"properties":{"active":false,"driverId":365,"type":"L"}},{"type":"Feature","geometry":{"type":"Point","coordinates":[-77.04665,38.900135]},"properties":{"active":false,"driverId":366,"type":"L"}},{"type":"Feature","geometry":{"type":"Point","coordinates":[-77.01991,38.900339]},"properties":{"active":false,"driverId":367,"type":"L"}},{"type":"Feature","geometry":{"type":"Point","coordinates":[-77.042565,38.903743]},"properties":{"active":false,"driverId":368,"type":"L"}},{"type":"Feature","geometry":{"type":"Point","coordinates":[-77.0313711169009,38.89209801646966]},"properties":{"active":true,"driverId":369,"type":"L"}},{"type":"Feature","geometry":{"type":"Point","coordinates":[-77.030074,38.890445]},"properties":{"assigned":true,"driverId":369,"riderId":29327121,"type":"+"}},{"type":"Feature","geometry":{"type":"Point","coordinates":[-77.010619,38.900207]},"properties":{"assigned":true,"driverId":369,"riderId":29327121,"type":"-"}},{"type":"Feature","geometry":{"type":"LineString","coordinates":[[-77.0313711169009,38.89209801646966],[-77.028142,38.892089],[-77.028193,38.890461],[-77.030074,38.890438],[-77.030074,38.890445],[-77.030074,38.890445],[-77.030074,38.890438],[-77.031962,38.890416],[-77.031966,38.892097],[-77.018571,38.892293],[-77.017518,38.892002],[-77.016612,38.891791],[-77.013283,38.892116],[-77.009014,38.895071],[-77.009079,38.89744],[-77.009015,38.900173],[-77.010619,38.900212],[-77.010619,38.900207]]},"properties":{"driverId":369}},{"type":"Feature","geometry":{"type":"Point","coordinates":[-77.049977,38.902526]},"properties":{"active":false,"driverId":370,"type":"L"}},{"type":"Feature","geometry":{"type":"Point","coordinates":[-76.999526,38.916873]},"properties":{"active":false,"driverId":371,"type":"L"}},{"type":"Feature","geometry":{"type":"Point","coordinates":[-77.038076,38.906703]},"properties":{"active":false,"driverId":372,"type":"L"}},{"type":"Feature","geometry":{"type":"Point","coordinates":[-77.040078,38.910388]},"properties":{"active":false,"driverId":373,"type":"L"}},{"type":"Feature","geometry":{"type":"Point","coordinates":[-77.045589,38.913345]},"properties":{"active":false,"driverId":374,"type":"L"}},{"type":"Feature","geometry":{"type":"Point","coordinates":[-77.06012,38.91267]},"properties":{"active":false,"driverId":375,"type":"L"}},{"type":"Feature","geometry":{"type":"Point","coordinates":[-77.061713,38.943154]},"properties":{"active":false,"driverId":376,"type":"L"}},{"type":"Feature","geometry":{"type":"Point","coordinates":[-77.042725,38.899946]},"properties":{"active":false,"driverId":377,"type":"L"}},{"type":"Feature","geometry":{"type":"Point","coordinates":[-77.007142,38.896039]},"properties":{"active":false,"driverId":378,"type":"L"}},{"type":"Feature","geometry":{"type":"Point","coordinates":[-77.019892,38.877436]},"properties":{"active":false,"driverId":379,"type":"L"}},{"type":"Feature","geometry":{"type":"Point","coordinates":[-77.024988,38.905646]},"properties":{"active":false,"driverId":380,"type":"L"}},{"type":"Feature","geometry":{"type":"Point","coordinates":[-77.052336,38.907243]},"properties":{"active":false,"driverId":381,"type":"L"}},{"type":"Feature","geometry":{"type":"Point","coordinates":[-77.027064,38.892083]},"properties":{"active":false,"driverId":382,"type":"L"}},{"type":"Feature","geometry":{"type":"Point","coordinates":[-77.018293,38.90252]},"properties":{"active":false,"driverId":383,"type":"L"}},{"type":"Feature","geometry":{"type":"Point","coordinates":[-77.041686,38.90685]},"properties":{"active":false,"driverId":384,"type":"L"}},{"type":"Feature","geometry":{"type":"Point","coordinates":[-77.008388,38.897204]},"properties":{"active":false,"driverId":385,"type":"L"}},{"type":"Feature","geometry":{"type":"Point","coordinates":[-77.02531,38.932878]},"properties":{"active":false,"driverId":386,"type":"L"}},{"type":"Feature","geometry":{"type":"Point","coordinates":[-77.00861,38.887585]},"properties":{"active":false,"driverId":387,"type":"L"}},{"type":"Feature","geometry":{"type":"Point","coordinates":[-76.930151,38.907206]},"properties":{"active":false,"driverId":388,"type":"L"}},{"type":"Feature","geometry":{"type":"Point","coordinates":[-76.988973,38.923508]},"properties":{"active":false,"driverId":389,"type":"L"}},{"type":"Feature","geometry":{"type":"Point","coordinates":[-77.045779,38.899575]},"properties":{"active":false,"driverId":390,"type":"L"}},{"type":"Feature","geometry":{"type":"Point","coordinates":[-77.017558,38.891353]},"properties":{"active":false,"driverId":391,"type":"L"}},{"type":"Feature","geometry":{"type":"Point","coordinates":[-77.08742,38.951041]},"properties":{"active":false,"driverId":392,"type":"L"}},{"type":"Feature","geometry":{"type":"Point","coordinates":[-77.025993,38.895288]},"properties":{"active":false,"driverId":393,"type":"L"}},{"type":"Feature","geometry":{"type":"Point","coordinates":[-77.04294214356291,38.90374400400994]},"properties":{"active":true,"driverId":394,"type":"L"}},{"type":"Feature","geometry":{"type":"Point","coordinates":[-77.056732,38.935031]},"properties":{"assigned":true,"driverId":394,"riderId":29447859,"type":"-"}},{"type":"Feature","geometry":{"type":"LineString","coordinates":[[-77.04294214356291,38.90374400400994],[-77.0417,38.903745],[-77.041686,38.906761],[-77.046276,38.915982],[-77.058509,38.935566],[-77.056732,38.935031],[-77.056732,38.935031]]},"properties":{"driverId":394}},{"type":"Feature","geometry":{"type":"Point","coordinates":[-77.042754,38.907243]},"properties":{"active":false,"driverId":395,"type":"L"}},{"type":"Feature","geometry":{"type":"Point","coordinates":[-77.030117,38.910043]},"properties":{"active":false,"driverId":396,"type":"L"}},{"type":"Feature","geometry":{"type":"Point","coordinates":[-77.021917,38.89913]},"properties":{"active":false,"driverId":397,"type":"L"}},{"type":"Feature","geometry":{"type":"Point","coordinates":[-77.032804,38.897347]},"properties":{"active":false,"driverId":398,"type":"L"}},{"type":"Feature","geometry":{"type":"Point","coordinates":[-77.013912,38.931227]},"properties":{"active":false,"driverId":399,"type":"L"}},{"type":"Feature","geometry":{"type":"Point","coordinates":[-77.039379,38.934179]},"properties":{"active":false,"driverId":400,"type":"L"}},{"type":"Feature","geometry":{"type":"Point","coordinates":[-77.030786,38.917]},"properties":{"active":false,"driverId":401,"type":"L"}},{"type":"Feature","geometry":{"type":"Point","coordinates":[-77.054339,38.923379]},"properties":{"active":false,"driverId":402,"type":"L"}},{"type":"Feature","geometry":{"type":"Point","coordinates":[-77.060624,38.902594]},"properties":{"active":false,"driverId":403,"type":"L"}},{"type":"Feature","geometry":{"type":"Point","coordinates":[-77.057578,38.905089]},"properties":{"active":false,"driverId":404,"type":"L"}},{"type":"Feature","geometry":{"type":"Point","coordinates":[-77.021917,38.89913]},"properties":{"active":false,"driverId":405,"type":"L"}},{"type":"Feature","geometry":{"type":"Point","coordinates":[-77.021917,38.89913]},"properties":{"active":false,"driverId":406,"type":"L"}},{"type":"Feature","geometry":{"type":"Point","coordinates":[-77.008388,38.897204]},"properties":{"active":false,"driverId":407,"type":"L"}},{"type":"Feature","geometry":{"type":"Point","coordinates":[-77.010609,38.887591]},"properties":{"active":false,"driverId":408,"type":"L"}},{"type":"Feature","geometry":{"type":"Point","coordinates":[-77.040078,38.910388]},"properties":{"active":false,"driverId":409,"type":"L"}},{"type":"Feature","geometry":{"type":"Point","coordinates":[-77.013409,38.892086]},"properties":{"active":false,"driverId":410,"type":"L"}},{"type":"Feature","geometry":{"type":"Point","coordinates":[-77.021914,38.909108]},"properties":{"active":false,"driverId":411,"type":"L"}},{"type":"Feature","geometry":{"type":"Point","coordinates":[-77.046657,38.898949]},"properties":{"active":false,"driverId":412,"type":"L"}},{"type":"Feature","geometry":{"type":"Point","coordinates":[-77.049169,38.902213]},"properties":{"active":false,"driverId":413,"type":"L"}},{"type":"Feature","geometry":{"type":"Point","coordinates":[-77.040574,38.900213]},"properties":{"active":false,"driverId":414,"type":"L"}},{"type":"Feature","geometry":{"type":"Point","coordinates":[-77.010609,38.887591]},"properties":{"active":false,"driverId":415,"type":"L"}},{"type":"Feature","geometry":{"type":"Point","coordinates":[-77.05236,38.903307]},"properties":{"active":false,"driverId":416,"type":"L"}},{"type":"Feature","geometry":{"type":"Point","coordinates":[-77.011189,38.895455]},"properties":{"active":false,"driverId":417,"type":"L"}},{"type":"Feature","geometry":{"type":"Point","coordinates":[-77.039614,38.913724]},"properties":{"active":false,"driverId":418,"type":"L"}},{"type":"Feature","geometry":{"type":"Point","coordinates":[-77.044904,38.900142]},"properties":{"active":false,"driverId":419,"type":"L"}},{"type":"Feature","geometry":{"type":"Point","coordinates":[-77.047765,38.903742]},"properties":{"active":false,"driverId":420,"type":"L"}},{"type":"Feature","geometry":{"type":"Point","coordinates":[-77.033254,38.909652]},"properties":{"active":false,"driverId":421,"type":"L"}},{"type":"Feature","geometry":{"type":"Point","coordinates":[-77.00555,38.946218]},"properties":{"active":false,"driverId":422,"type":"L"}},{"type":"Feature","geometry":{"type":"Point","coordinates":[-77.040574,38.900213]},"properties":{"active":false,"driverId":423,"type":"L"}},{"type":"Feature","geometry":{"type":"Point","coordinates":[-77.041357,38.906062]},"properties":{"active":false,"driverId":424,"type":"L"}},{"type":"Feature","geometry":{"type":"Point","coordinates":[-77.065344,38.947314]},"properties":{"active":false,"driverId":425,"type":"L"}},{"type":"Feature","geometry":{"type":"Point","coordinates":[-77.041378,38.926503]},"properties":{"active":false,"driverId":426,"type":"L"}},{"type":"Feature","geometry":{"type":"Point","coordinates":[-77.029987,38.900097]},"properties":{"active":false,"driverId":427,"type":"L"}},{"type":"Feature","geometry":{"type":"Point","coordinates":[-77.047744,38.901699]},"properties":{"active":false,"driverId":428,"type":"L"}},{"type":"Feature","geometry":{"type":"Point","coordinates":[-77.038333,38.927155]},"properties":{"active":false,"driverId":429,"type":"L"}},{"type":"Feature","geometry":{"type":"Point","coordinates":[-77.00835,38.896386]},"properties":{"active":false,"driverId":430,"type":"L"}},{"type":"Feature","geometry":{"type":"Point","coordinates":[-77.054368,38.897982]},"properties":{"active":false,"driverId":431,"type":"L"}},{"type":"Feature","geometry":{"type":"Point","coordinates":[-77.018929,38.896732]},"properties":{"active":false,"driverId":432,"type":"L"}},{"type":"Feature","geometry":{"type":"Point","coordinates":[-77.020904,38.893038]},"properties":{"active":false,"driverId":433,"type":"L"}},{"type":"Feature","geometry":{"type":"Point","coordinates":[-77.011954,38.897574]},"properties":{"active":false,"driverId":434,"type":"L"}},{"type":"Feature","geometry":{"type":"Point","coordinates":[-77.031951,38.916643]},"properties":{"active":false,"driverId":435,"type":"L"}},{"type":"Feature","geometry":{"type":"Point","coordinates":[-77.064482,38.977384]},"properties":{"active":false,"driverId":436,"type":"L"}},{"type":"Feature","geometry":{"type":"Point","coordinates":[-77.049961,38.903049]},"properties":{"active":false,"driverId":437,"type":"L"}},{"type":"Feature","geometry":{"type":"Point","coordinates":[-77.00589,38.884273]},"properties":{"active":false,"driverId":438,"type":"L"}},{"type":"Feature","geometry":{"type":"Point","coordinates":[-77.033645,38.89783]},"properties":{"active":false,"driverId":439,"type":"L"}},{"type":"Feature","geometry":{"type":"Point","coordinates":[-77.041298,38.921617]},"properties":{"active":false,"driverId":440,"type":"L"}},{"type":"Feature","geometry":{"type":"Point","coordinates":[-77.047737,38.900695]},"properties":{"active":false,"driverId":441,"type":"L"}},{"type":"Feature","geometry":{"type":"Point","coordinates":[-77.020374,38.939872]},"properties":{"active":false,"driverId":442,"type":"L"}},{"type":"Feature","geometry":{"type":"Point","coordinates":[-77.003107,38.952536]},"properties":{"active":false,"driverId":443,"type":"L"}},{"type":"Feature","geometry":{"type":"Point","coordinates":[-77.030196,38.895506]},"properties":{"active":false,"driverId":444,"type":"L"}},{"type":"Feature","geometry":{"type":"Point","coordinates":[-77.006329,38.895895]},"properties":{"active":false,"driverId":445,"type":"L"}},{"type":"Feature","geometry":{"type":"Point","coordinates":[-77.042565,38.903743]},"properties":{"active":false,"driverId":446,"type":"L"}},{"type":"Feature","geometry":{"type":"Point","coordinates":[-77.045773,38.902524]},"properties":{"active":false,"driverId":447,"type":"L"}},{"type":"Feature","geometry":{"type":"Point","coordinates":[-77.019328,38.887568]},"properties":{"active":false,"driverId":448,"type":"L"}},{"type":"Feature","geometry":{"type":"Point","coordinates":[-77.039667,38.903144]},"properties":{"active":false,"driverId":449,"type":"L"}},{"type":"Feature","geometry":{"type":"Point","coordinates":[-77.043607,38.909927]},"properties":{"active":false,"driverId":450,"type":"L"}},{"type":"Feature","geometry":{"type":"Point","coordinates":[-77.073175,38.923265]},"properties":{"active":false,"driverId":451,"type":"L"}},{"type":"Feature","geometry":{"type":"Point","coordinates":[-77.062794,38.904579]},"properties":{"active":false,"driverId":452,"type":"L"}},{"type":"Feature","geometry":{"type":"Point","coordinates":[-77.019738,38.890569]},"properties":{"active":false,"driverId":453,"type":"L"}},{"type":"Feature","geometry":{"type":"Point","coordinates":[-77.009098,38.876526]},"properties":{"active":false,"driverId":454,"type":"L"}},{"type":"Feature","geometry":{"type":"Point","coordinates":[-77.030791,38.902521]},"properties":{"active":false,"driverId":455,"type":"L"}},{"type":"Feature","geometry":{"type":"Point","coordinates":[-77.048813,38.918919]},"properties":{"active":false,"driverId":456,"type":"L"}},{"type":"Feature","geometry":{"type":"Point","coordinates":[-77.007038,38.892013]},"properties":{"active":false,"driverId":457,"type":"L"}},{"type":"Feature","geometry":{"type":"Point","coordinates":[-77.047722,38.907243]},"properties":{"active":false,"driverId":458,"type":"L"}},{"type":"Feature","geometry":{"type":"Point","coordinates":[-77.010609,38.887591]},"properties":{"active":false,"driverId":459,"type":"L"}},{"type":"Feature","geometry":{"type":"Point","coordinates":[-77.007369,38.871368]},"properties":{"active":false,"driverId":460,"type":"L"}},{"type":"Feature","geometry":{"type":"Point","coordinates":[-77.043453,38.9047]},"properties":{"active":false,"driverId":461,"type":"L"}},{"type":"Feature","geometry":{"type":"Point","coordinates":[-77.030793,38.901332]},"properties":{"active":false,"driverId":462,"type":"L"}},{"type":"Feature","geometry":{"type":"Point","coordinates":[-77.048813,38.90451]},"properties":{"active":false,"driverId":463,"type":"L"}},{"type":"Feature","geometry":{"type":"Point","coordinates":[-77.02756,38.911124]},"properties":{"active":false,"driverId":464,"type":"L"}},{"type":"Feature","geometry":{"type":"Point","coordinates":[-77.010123,38.897899]},"properties":{"active":false,"driverId":465,"type":"L"}},{"type":"Feature","geometry":{"type":"Point","coordinates":[-76.997316,38.885134]},"properties":{"active":false,"driverId":466,"type":"L"}},{"type":"Feature","geometry":{"type":"Point","coordinates":[-77.06464,38.94611]},"properties":{"active":false,"driverId":467,"type":"L"}},{"type":"Feature","geometry":{"type":"Point","coordinates":[-77.016407,38.87646]},"properties":{"active":false,"driverId":468,"type":"L"}},{"type":"Feature","geometry":{"type":"Point","coordinates":[-77.010609,38.887591]},"properties":{"active":false,"driverId":469,"type":"L"}},{"type":"Feature","geometry":{"type":"Point","coordinates":[-77.040842,38.903743]},"properties":{"active":false,"driverId":470,"type":"L"}},{"type":"Feature","geometry":{"type":"Point","coordinates":[-77.005893,38.885552]},"properties":{"active":false,"driverId":471,"type":"L"}},{"type":"Feature","geometry":{"type":"Point","coordinates":[-77.05331,38.901613]},"properties":{"active":false,"driverId":472,"type":"L"}},{"type":"Feature","geometry":{"type":"Point","coordinates":[-77.04166,38.914463]},"properties":{"active":false,"driverId":473,"type":"L"}},{"type":"Feature","geometry":{"type":"Point","coordinates":[-77.020912,38.899812]},"properties":{"active":false,"driverId":474,"type":"L"}},{"type":"Feature","geometry":{"type":"Point","coordinates":[-76.996191,38.886713]},"properties":{"active":false,"driverId":475,"type":"L"}},{"type":"Feature","geometry":{"type":"Point","coordinates":[-77.036475,38.928926]},"properties":{"active":false,"driverId":476,"type":"L"}},{"type":"Feature","geometry":{"type":"Point","coordinates":[-77.028086,38.895575]},"properties":{"active":false,"driverId":477,"type":"L"}},{"type":"Feature","geometry":{"type":"Point","coordinates":[-77.045755,38.911867]},"properties":{"active":false,"driverId":478,"type":"L"}},{"type":"Feature","geometry":{"type":"Point","coordinates":[-77.04468576920964,38.89735116099903]},"properties":{"active":true,"driverId":479,"type":"L"}},{"type":"Feature","geometry":{"type":"Point","coordinates":[-77.044193,38.89599]},"properties":{"assigned":true,"driverId":479,"riderId":29490809,"type":"+"}},{"type":"Feature","geometry":{"type":"Point","coordinates":[-77.043458,38.903134]},"properties":{"assigned":true,"driverId":479,"riderId":29490809,"type":"-"}},{"type":"Feature","geometry":{"type":"LineString","coordinates":[[-77.04468576920964,38.89735116099903],[-77.04347,38.897352],[-77.043468,38.89598],[-77.044193,38.895979],[-77.044193,38.89599],[-77.044193,38.89599],[-77.044193,38.895979],[-77.044917,38.895978],[-77.044901,38.903742],[-77.043455,38.903744],[-77.04346,38.903134],[-77.043458,38.903134]]},"properties":{"driverId":479}},{"type":"Feature","geometry":{"type":"Point","coordinates":[-77.025018,38.90324]},"properties":{"active":false,"driverId":480,"type":"L"}},{"type":"Feature","geometry":{"type":"Point","coordinates":[-77.034569,38.906102]},"properties":{"active":false,"driverId":481,"type":"L"}},{"type":"Feature","geometry":{"type":"Point","coordinates":[-77.046988,38.917253]},"properties":{"active":false,"driverId":482,"type":"L"}},{"type":"Feature","geometry":{"type":"Point","coordinates":[-76.978128,38.894039]},"properties":{"active":false,"driverId":483,"type":"L"}},{"type":"Feature","geometry":{"type":"Point","coordinates":[-77.063996,38.905151]},"properties":{"active":false,"driverId":484,"type":"L"}},{"type":"Feature","geometry":{"type":"Point","coordinates":[-77.018291,38.901324]},"properties":{"active":false,"driverId":485,"type":"L"}},{"type":"Feature","geometry":{"type":"Point","coordinates":[-77.030791,38.897346]},"properties":{"active":false,"driverId":486,"type":"L"}},{"type":"Feature","geometry":{"type":"Point","coordinates":[-76.994962,38.895107]},"properties":{"active":false,"driverId":487,"type":"L"}},{"type":"Feature","geometry":{"type":"Point","coordinates":[-77.008635,38.892054]},"properties":{"active":false,"driverId":488,"type":"L"}},{"type":"Feature","geometry":{"type":"Point","coordinates":[-77.044903,38.904699]},"properties":{"active":false,"driverId":489,"type":"L"}},{"type":"Feature","geometry":{"type":"Point","coordinates":[-77.019734,38.888768]},"properties":{"active":false,"driverId":490,"type":"L"}},{"type":"Feature","geometry":{"type":"Point","coordinates":[-77.006329,38.895895]},"properties":{"active":false,"driverId":491,"type":"L"}},{"type":"Feature","geometry":{"type":"Point","coordinates":[-77.023966,38.907909]},"properties":{"active":false,"driverId":492,"type":"L"}},{"type":"Feature","geometry":{"type":"Point","coordinates":[-77.052071,38.909646]},"properties":{"active":false,"driverId":493,"type":"L"}},{"type":"Feature","geometry":{"type":"Point","coordinates":[-77.007378,38.964715]},"properties":{"active":false,"driverId":494,"type":"L"}},{"type":"Feature","geometry":{"type":"Point","coordinates":[-77.013912,38.931227]},"properties":{"active":false,"driverId":495,"type":"L"}},{"type":"Feature","geometry":{"type":"Point","coordinates":[-76.93355,38.889762]},"properties":{"active":false,"driverId":496,"type":"L"}},{"type":"Feature","geometry":{"type":"Point","coordinates":[-77.029622,38.899061]},"properties":{"active":false,"driverId":497,"type":"L"}},{"type":"Feature","geometry":{"type":"Point","coordinates":[-77.01256,38.88909]},"properties":{"active":false,"driverId":498,"type":"L"}},{"type":"Feature","geometry":{"type":"Point","coordinates":[-77.031392,38.906605]},"properties":{"active":false,"driverId":499,"type":"L"}},{"type":"Feature","geometry":{"type":"Point","coordinates":[-77.008388,38.897204]},"properties":{"active":false,"driverId":500,"type":"L"}}]}